Employee_ID,Age,Gender,Department,Job_Role,Location,Hire_Date,Exit_Date,Employment_Status,Monthly_Salary,Job_Level,Years_At_Company,Years_In_Current_Role,Performance_Score,Productivity_Score,Engagement_Score,Job_Satisfaction,Work_Hours_Per_Week,Overtime_Hours,Training_Hours,Promotions,Absence_Days,Projects_Completed,Remote_Work,Manager_Rating,Attrition
EMP10001,25,Male,Sales,Account Manager,Chennai,7/11/2024 18:48,,Active,35600,Junior,2.1,1.1,3.5,100,91,1.9,37,2,6,0,7,8,Yes,4.1,No
EMP10002,23,Female,Customer Support,Support Analyst,Mumbai,1/19/2021 22:20,,Active,39900,Junior,5.6,3.7,1.7,69,79,3.8,45.4,18,8,2,5,4,No,4.9,No
EMP10003,30,Male,Operations,Operations Analyst,Bengaluru,1/19/2024 6:13,,Active,62000,Mid,2.6,1.7,3,100,96,3.1,40.8,1,31,1,6,6,No,4.2,No
EMP10004,39,Male,HR,HR Analyst,Bengaluru,12/17/2019 8:33,,Active,94700,Senior,6.7,4.5,3.4,100,94,2.6,39.2,5,36,3,6,3,Yes,3.9,No
EMP10005,33,Female,IT,Software Engineer,Delhi NCR,10/20/2024 9:27,,Active,59100,Mid,1.9,1.3,3.4,99,84,1,43.3,18,33,1,9,6,No,3.5,No
EMP10006,31,Female,IT,Data Analyst,Mumbai,1/5/2025 4:18,,Active,66500,Mid,1.7,1,2.6,97,86,2.6,42.8,20,36,0,8,8,No,3.4,No
EMP10007,34,Female,IT,System Engineer,Bengaluru,12/19/2022 22:21,,Active,70000,Mid,3.7,2.3,3.2,89,92,4,44.4,32,24,1,5,2,No,3.5,No
EMP10008,22,Male,Customer Support,Support Executive,Delhi NCR,11/14/2024 16:23,,Active,35800,Junior,1.8,1.2,4.4,100,98,4.8,42.3,19,38,1,7,5,No,3.7,No
EMP10009,37,Female,Operations,Operations Executive,Bengaluru,4/6/2021 16:07,,Active,60300,Mid,5.4,2.7,4.2,100,98,3.2,47.7,27,33,3,10,4,No,2.5,No
EMP10010,37,Male,Operations,Operations Analyst,Pune,12/30/2020 5:25,,Active,53700,Mid,5.7,3.7,3.6,93,78,3.3,41.5,10,19,2,4,4,Yes,3.7,No
EMP10011,31,Male,IT,BI Developer,Mumbai,3/20/2019 10:13,,Active,62400,Mid,7.4,6,3.4,93,80,2.8,41.1,20,35,4,7,8,Yes,3.3,No
EMP10012,41,Male,Customer Support,Support Manager,Bengaluru,11/17/2024 12:19,,Active,92400,Senior,1.8,1.5,3.4,100,98,4.5,38.7,5,32,1,5,8,No,3.8,No
EMP10013,26,Male,Marketing,Marketing Manager,Delhi NCR,7/11/2022 21:07,,Active,38400,Junior,4.1,2.6,3.7,96,92,3.2,44,14,51,2,4,1,No,3,No
EMP10014,42,Male,IT,System Engineer,Mumbai,11/23/2019 17:06,,Active,90900,Senior,6.8,4.6,3.6,100,98,4.2,39.2,17,47,3,10,4,No,3,No
EMP10015,35,Male,IT,BI Developer,Chennai,9/11/2025 2:18,,Active,73500,Mid,1,0.5,3.7,100,90,3.6,46.6,26,27,0,5,7,No,3.7,No
EMP10016,32,Female,IT,Software Engineer,Delhi NCR,8/10/2021 14:23,,Active,39800,Mid,5.1,3.8,3.9,100,98,3.5,35.6,3,22,2,8,6,Yes,3.9,No
EMP10017,34,Female,Sales,Account Manager,Mumbai,2/16/2020 1:12,,Active,56500,Mid,6.5,4.1,2.6,100,90,2.5,45.3,18,50,3,12,9,No,3,No
EMP10018,33,Female,HR,Recruiter,Hyderabad,7/16/2025 22:55,,Active,57600,Mid,1.1,0.7,3.3,100,98,5,42.9,7,36,1,6,7,Yes,4.6,No
EMP10019,43,Male,Finance,Finance Manager,Mumbai,1/14/2024 2:12,,Active,100200,Senior,2.6,2.2,3.6,100,98,4.7,40.3,11,26,2,8,10,No,4.5,No
EMP10020,26,Female,Sales,Sales Manager,Chennai,6/21/2025 4:41,,Active,41300,Junior,1.2,0.8,2.8,99,86,5,39.6,12,3,0,6,6,No,2.2,No
EMP10021,29,Male,Operations,Operations Analyst,Mumbai,9/2/2024 14:56,,Active,63500,Mid,2,0.9,3,89,84,2.4,48.2,41,17,0,10,12,No,2.9,No
EMP10022,41,Female,IT,Data Analyst,Delhi NCR,7/30/2025 21:10,,Active,98800,Senior,1.1,0.6,3.3,100,95,3.6,46.9,19,16,0,3,8,Yes,3.6,No
EMP10023,30,Male,Sales,Sales Manager,Bengaluru,10/9/2020 12:25,,Active,58700,Mid,5.9,3.9,3.4,97,85,2.7,40,12,26,2,5,3,Yes,3.8,No
EMP10024,40,Female,Sales,Sales Manager,Delhi NCR,3/16/2021 4:34,,Active,94600,Senior,5.5,3.5,3.7,98,98,3.8,42.6,9,37,3,6,3,Yes,5,No
EMP10025,46,Male,Finance,Finance Manager,Pune,4/3/2024 5:38,,Active,86300,Senior,2.4,2,2.9,100,98,3.7,43.4,8,39,1,4,8,Yes,3.6,No
EMP10026,31,Female,Marketing,Marketing Manager,Pune,9/19/2022 15:09,,Active,52600,Mid,3.9,2.7,4.2,100,98,3,42.5,8,49,1,2,3,Yes,3.4,No
EMP10027,39,Female,IT,Data Analyst,Bengaluru,11/3/2025 19:01,,Active,102600,Senior,0.8,0.6,3.4,95,93,3.2,42.6,20,41,1,10,4,No,2.6,No
EMP10028,26,Male,Finance,Finance Manager,Bengaluru,10/13/2022 5:26,,Active,40600,Junior,3.9,2.6,3.6,98,98,5,40.2,9,10,1,5,4,Yes,2.2,No
EMP10029,39,Male,HR,HR Analyst,Pune,2/19/2019 1:46,,Active,94500,Senior,7.5,4.9,3.2,100,98,3.3,40.9,2,42,4,5,5,No,3.4,No
EMP10030,35,Female,IT,System Engineer,Chennai,7/31/2022 21:22,,Active,52400,Mid,4.1,2.7,3.7,100,96,1.4,35.3,4,52,1,4,6,Yes,5,No
EMP10031,37,Male,Operations,Operations Manager,Bengaluru,8/21/2022 8:47,,Active,63600,Mid,4,2.5,4.8,100,98,2.9,45.4,16,52,1,7,5,No,3.3,No
EMP10032,29,Female,IT,BI Developer,Delhi NCR,4/2/2019 11:29,,Active,72400,Mid,7.4,5.1,3.2,100,86,2.4,36.2,4,11,4,6,7,Yes,2.9,No
EMP10033,22,Female,IT,BI Developer,Mumbai,10/10/2025 21:51,,Active,36100,Junior,0.9,0.5,3.1,100,98,2.6,38.9,8,25,0,4,7,No,3.9,No
EMP10034,38,Male,Customer Support,Support Executive,Pune,10/21/2022 3:07,,Active,81200,Senior,3.9,3.3,2.9,98,84,4,41.8,21,41,1,6,6,No,1.9,No
EMP10035,21,Male,Customer Support,Support Executive,Bengaluru,10/1/2025 15:12,,Active,39300,Junior,0.9,0.5,3.5,99,87,4.2,39.1,13,12,0,8,3,No,3.6,No
EMP10036,32,Male,Marketing,Digital Marketing Executive,Bengaluru,12/4/2022 15:07,,Active,52700,Mid,3.7,1.9,3.4,97,98,2.6,37.7,4,4,1,7,6,No,4.2,No
EMP10037,41,Female,Sales,Sales Manager,Pune,5/8/2021 7:40,,Active,79100,Senior,5.3,2.6,3.5,100,84,2.9,46.6,25,32,2,5,4,No,2.7,No
EMP10038,35,Male,IT,Software Engineer,Bengaluru,10/4/2020 4:06,,Active,54900,Mid,5.9,2.7,3.9,94,78,2.8,46.6,17,19,2,3,5,No,4.6,No
EMP10039,48,Male,Operations,Operations Executive,Delhi NCR,6/23/2023 18:25,,Active,121600,Lead,3.2,2,3.8,100,98,4.8,44.2,3,5,1,2,4,Yes,4,No
EMP10040,41,Male,Finance,Financial Analyst,Delhi NCR,5/22/2023 14:30,,Active,83100,Senior,3.3,1.8,3.5,100,98,4.2,42.3,2,45,1,2,5,No,4.6,No
EMP10041,29,Male,IT,System Engineer,Mumbai,9/14/2021 16:52,,Active,69300,Mid,5,2.3,5,100,89,4,49.4,26,30,2,7,7,No,2.4,No
EMP10042,34,Female,Finance,Financial Analyst,Mumbai,3/22/2024 10:13,,Active,73200,Mid,2.4,1.6,4,100,85,2.5,40.5,9,21,2,6,4,No,3.4,No
EMP10043,34,Female,IT,System Engineer,Delhi NCR,4/18/2022 6:56,,Active,64300,Mid,4.4,3.3,2.7,93,87,1.9,40.2,9,15,2,10,5,No,4.2,No
EMP10044,23,Male,Customer Support,Support Analyst,Bengaluru,12/8/2023 10:42,,Active,40700,Junior,2.7,1.3,2.3,78,82,4.5,41.3,10,30,1,2,3,Yes,2.3,No
EMP10045,27,Female,Sales,Sales Manager,Delhi NCR,11/30/2023 15:55,,Active,37000,Junior,2.8,1.8,3,99,98,5,45.3,14,35,1,7,2,No,4.3,No
EMP10046,30,Female,Operations,Operations Analyst,Pune,8/23/2025 6:26,,Active,53700,Mid,1,0.8,3.6,100,98,1.8,42.1,5,33,0,8,5,No,3.4,No
EMP10047,21,Male,Sales,Sales Manager,Pune,9/2/2023 1:59,,Active,49200,Junior,3,2.7,2.9,90,98,5,46.2,15,7,2,5,8,No,4.3,No
EMP10048,34,Female,HR,HR Manager,Bengaluru,5/20/2022 23:49,,Active,59600,Mid,4.3,3.2,3,100,91,3.3,40.7,4,35,1,9,4,No,3.7,No
EMP10049,32,Male,HR,Recruiter,Bengaluru,5/24/2021 9:06,,Active,56800,Mid,5.3,3,3.5,100,98,3.6,39.1,23,38,3,10,4,No,4.6,No
EMP10050,22,Male,IT,System Engineer,Mumbai,5/12/2022 17:01,,Active,45100,Junior,4.3,3.3,3.2,100,90,2.2,39.2,7,23,1,5,6,Yes,2.5,No
EMP10051,37,Female,Customer Support,Support Analyst,Mumbai,8/24/2022 12:37,,Active,59500,Mid,4,2.9,2,79,79,1.8,44.2,13,43,1,5,0,No,3.8,No
EMP10052,39,Male,Marketing,Digital Marketing Executive,Mumbai,12/24/2023 7:28,,Active,96800,Senior,2.7,1.5,4.3,100,82,1.4,39.5,6,16,1,6,5,No,2.3,No
EMP10053,36,Female,Customer Support,Support Analyst,Hyderabad,11/3/2022 16:24,,Active,57100,Mid,3.8,3.2,4.1,100,95,4.3,43,22,46,1,4,4,Yes,3.8,No
EMP10054,32,Female,Customer Support,Support Executive,Bengaluru,1/6/2019 14:23,,Active,67100,Mid,7.6,4.9,2.5,83,76,3.3,41.4,6,30,3,2,4,No,3.8,No
EMP10055,38,Male,HR,HR Analyst,Bengaluru,2/8/2024 1:21,,Active,96900,Senior,2.6,2.3,3.5,100,98,3.8,45.8,10,21,1,2,4,No,3.3,No
EMP10056,39,Female,Customer Support,Support Analyst,Mumbai,6/27/2019 22:36,,Active,99300,Senior,7.2,5.6,2.7,100,92,4.4,44.6,19,24,4,6,7,Yes,2.9,No
EMP10057,36,Male,IT,Data Analyst,Hyderabad,9/22/2021 21:19,,Active,55000,Mid,4.9,3.6,3,99,98,3.3,43.5,14,42,2,4,6,No,3.2,No
EMP10058,28,Male,IT,Software Engineer,Bengaluru,7/2/2021 17:22,,Active,59400,Mid,5.2,4,3.9,100,98,4.9,40.6,2,31,2,5,6,Yes,3.6,No
EMP10059,36,Female,IT,BI Developer,Hyderabad,4/17/2019 7:21,,Active,73600,Mid,7.4,4.9,4.1,100,82,2.7,39.9,16,37,4,1,5,Yes,3.7,No
EMP10060,42,Female,Sales,Sales Manager,Mumbai,12/29/2025 16:48,,Active,88300,Senior,0.7,0.5,4.1,100,98,3,43,19,43,0,3,6,No,5,No
EMP10061,30,Male,Sales,Sales Manager,Chennai,6/4/2019 3:21,,Active,65700,Mid,7.2,6,3.7,100,98,2.6,46.4,8,21,3,6,4,Yes,4.2,No
EMP10062,49,Male,Sales,Account Manager,Chennai,2/18/2019 21:51,,Active,141000,Lead,7.5,5.7,4.5,100,98,4.2,43.8,20,30,3,2,11,No,3,No
EMP10063,30,Female,Marketing,Marketing Manager,Mumbai,6/4/2019 20:43,,Active,47100,Mid,7.2,6.1,3,99,98,4.4,39,3,25,3,3,5,No,4,No
EMP10064,34,Female,Sales,Sales Executive,Bengaluru,6/23/2022 19:52,,Active,58000,Mid,4.2,3.6,3.2,100,98,3,39.3,3,42,2,5,6,Yes,4.2,No
EMP10065,29,Female,Sales,Sales Manager,Mumbai,5/7/2020 12:22,,Active,60000,Mid,6.3,5.6,1.6,99,61,2.1,44.5,8,23,2,8,11,Yes,3,No
EMP10066,36,Male,HR,HR Manager,Mumbai,4/17/2023 20:44,,Active,47400,Mid,3.4,2.6,3.4,96,98,4.5,39.7,8,29,2,5,2,Yes,4.1,No
EMP10067,22,Male,IT,BI Developer,Hyderabad,1/7/2023 10:09,,Active,34800,Junior,3.6,2.4,3.9,100,92,2.6,42,20,60,1,1,2,No,2.3,No
EMP10068,30,Male,Marketing,Marketing Analyst,Pune,8/8/2019 22:55,,Active,53200,Mid,7.1,3.7,3.7,100,98,3,37.5,3,46,3,6,3,No,2.9,No
EMP10069,26,Female,IT,Software Engineer,Hyderabad,12/15/2025 18:19,,Active,44000,Junior,0.7,0.5,3,100,98,2.4,40.7,11,14,0,7,6,No,2.4,No
EMP10070,35,Male,Customer Support,Support Executive,Pune,1/27/2022 8:23,,Active,47900,Mid,4.6,2.7,4.1,100,98,3.7,43.8,21,41,2,5,7,No,3.3,No
EMP10071,41,Male,Marketing,Digital Marketing Executive,Mumbai,12/28/2022 5:17,,Active,103200,Senior,3.7,2.1,3.4,100,82,2.7,40.1,7,38,1,3,4,Yes,3.1,No
EMP10072,39,Female,IT,System Engineer,Bengaluru,10/16/2020 16:26,,Active,94800,Senior,5.9,3.3,4.1,95,80,4,43.7,29,13,3,11,4,Yes,3.2,No
EMP10073,21,Male,IT,System Engineer,Hyderabad,1/26/2025 15:17,,Active,30600,Junior,1.6,1.4,3.9,100,98,2.9,39,15,26,0,5,8,Yes,4.2,No
EMP10074,48,Female,Marketing,Digital Marketing Executive,Mumbai,7/7/2023 19:00,,Active,132200,Lead,3.2,2.7,4.6,100,91,3.9,39.2,5,15,1,10,4,No,3.6,No
EMP10075,36,Female,Operations,Operations Manager,Hyderabad,10/2/2021 20:17,,Active,64200,Mid,4.9,3.6,3.8,92,91,2.6,48.8,28,3,3,8,6,No,4.1,No
EMP10076,29,Female,Operations,Operations Executive,Mumbai,11/26/2025 1:39,,Active,59700,Mid,0.8,0.5,4,100,98,4.5,41.9,18,26,0,5,6,Yes,4.8,No
EMP10077,35,Male,Marketing,Marketing Analyst,Bengaluru,3/7/2020 11:55,,Active,54900,Mid,6.5,4.9,3.4,100,98,3,43.2,18,21,2,3,3,No,5,No
EMP10078,35,Male,IT,System Engineer,Chennai,9/17/2023 19:14,,Active,63800,Mid,3,2.2,3.1,100,97,3.5,40,16,13,1,7,5,yes,3.4,No
EMP10079,29,Female,Sales,Sales Executive,Bengaluru,9/5/2022 4:20,,Active,60900,Mid,4,2.5,3.9,100,91,2.3,41.1,8,28,1,2,5,Yes,3.9,No
EMP10080,35,Female,IT,Software Engineer,Chennai,9/11/2025 0:03,,Active,55200,Mid,1,0.6,4.6,92,90,3.4,41.9,21,3,0,7,4,Yes,3.4,No
EMP10081,30,Female,Customer Support,Support Manager,Chennai,4/1/2020 18:34,,Active,50600,Mid,6.4,4,3,93,86,2.4,43.4,5,29,3,8,3,Yes,4.3,No
EMP10082,31,Male,Operations,Operations Manager,Pune,11/22/2024 2:42,,Active,54000,Mid,1.8,1.3,3.3,100,98,3.4,43.1,4,28,0,6,5,Yes,4.2,No
EMP10083,29,Female,Sales,Sales Executive,Hyderabad,7/26/2019 3:53,,Active,56500,Mid,7.1,5.3,3.5,95,73,2.5,44.4,12,38,4,7,6,No,3,No
EMP10084,24,Female,IT,BI Developer,Delhi NCR,3/13/2021 1:33,,Active,46100,Junior,5.5,3.6,4,100,89,3.3,41.5,10,6,3,6,6,Yes,3.1,No
EMP10085,35,Female,Sales,Account Manager,Pune,9/20/2020 1:59,,Active,66000,Mid,5.9,5.2,3.8,100,98,3.8,47.6,20,58,2,4,4,No,4.6,No
EMP10086,38,Female,Sales,Account Manager,Mumbai,7/1/2025 22:39,,Active,86800,Senior,1.2,0.6,4.2,100,98,2.2,43.6,13,53,0,4,4,Yes,3.1,No
EMP10087,38,Female,Operations,Operations Analyst,Delhi NCR,1/21/2019 9:15,,Active,87100,Senior,7.6,4.6,5,100,98,3.4,38.8,19,17,3,6,7,No,3.4,No
EMP10088,40,Female,Operations,Operations Executive,Hyderabad,11/27/2024 17:11,,Active,96900,Senior,1.8,1.1,3,100,88,3.8,46,17,48,1,4,4,No,4,No
EMP10089,36,Male,Customer Support,Support Executive,Mumbai,8/26/2025 0:03,,Active,61900,Mid,1,0.5,4,100,90,3.8,41.1,9,40,0,8,9,Yes,3.4,No
EMP10090,30,Male,Finance,Accountant,Delhi NCR,9/30/2019 14:40,,Active,61800,Mid,6.9,4.2,3.7,100,98,5,44,9,22,3,9,5,No,4.7,No
EMP10091,40,Male,IT,Data Analyst,Mumbai,3/9/2022 17:40,,Active,85100,Senior,4.5,2.6,3.5,99,81,2.7,40.1,22,20,3,4,8,Yes,4.3,No
EMP10092,24,Male,Operations,Operations Manager,Delhi NCR,8/16/2022 5:52,,Active,37100,Junior,4,2.7,4,100,86,3.4,40.4,5,21,1,4,4,Yes,2.8,No
EMP10093,28,Male,Marketing,Digital Marketing Executive,Pune,3/10/2020 4:24,,Active,60000,Mid,6.5,3.9,3.3,100,98,5,43.9,16,68,2,4,6,No,3,No
EMP10094,27,Male,HR,Recruiter,Bengaluru,11/12/2019 22:59,,Active,37400,Junior,6.8,5.3,3.7,100,95,2.2,42.1,12,47,3,6,5,Yes,4,No
EMP10095,42,Male,Marketing,Marketing Analyst,Chennai,5/9/2019 0:31,,Active,95100,Senior,7.3,5,2.5,99,98,1.3,41.4,14,25,3,3,4,Yes,3.5,No
EMP10096,41,Male,Finance,Financial Analyst,Hyderabad,1/26/2019 15:16,,Active,95400,Senior,7.6,3.9,3.1,100,92,3.9,35.5,13,26,3,8,6,No,1.9,No
EMP10097,37,Female,HR,Recruiter,Pune,2/3/2021 8:48,,Active,53600,Mid,5.6,4.4,4.3,100,98,4.3,40.9,22,40,2,6,5,No,2.7,No
EMP10098,42,Female,Finance,Financial Analyst,Delhi NCR,10/30/2022 16:26,,Active,86500,Senior,3.8,1.9,4.3,100,89,1.5,38.6,8,39,1,6,5,Yes,3.7,No
EMP10099,28,Male,IT,Software Engineer,Pune,7/19/2024 22:14,,Active,55200,Mid,2.1,1.7,3.7,97,98,3.1,36.3,8,15,1,4,4,No,4.2,No
EMP10100,36,Female,IT,BI Developer,Bengaluru,3/13/2022 8:31,,Active,69700,Mid,4.5,3.9,3.2,100,92,2.5,39.7,12,32,2,4,3,Yes,4.2,No
EMP10101,33,Male,IT,Data Analyst,Pune,4/24/2023 16:43,,Active,75800,Mid,3.4,2,4.1,100,96,3.7,46.1,12,20,1,9,7,Yes,5,No
EMP10102,40,Male,Operations,Operations Executive,Bengaluru,9/11/2022 13:17,,Active,86800,Senior,4,3.5,4.4,100,95,3.4,44.1,10,30,1,3,7,Yes,2.9,No
EMP10103,33,Male,Sales,Sales Manager,Chennai,3/9/2024 22:54,,Active,58800,Mid,2.5,2,3.2,89,92,4.6,39.7,14,27,1,7,4,No,3,No
EMP10104,31,Male,Finance,Finance Manager,Chennai,5/11/2025 20:26,,Active,65900,Mid,1.3,1.1,2.4,100,87,2.2,39.9,11,42,0,6,7,No,3.5,No
EMP10105,38,Female,Customer Support,Support Analyst,Mumbai,4/9/2024 11:53,,Active,85000,Senior,2.4,1.8,3.8,100,98,3.7,40.3,14,24,2,6,5,No,2.2,No
EMP10106,40,Female,Sales,Sales Executive,Bengaluru,10/1/2020 22:00,,Active,96100,Senior,5.9,3.3,4.2,100,91,4,48.4,52,30,2,4,8,Yes,3.5,No
EMP10107,29,Male,Finance,Accountant,Pune,7/20/2024 9:41,,Active,59900,Mid,2.1,1.8,3.9,100,90,3.4,42.3,10,3,0,9,1,No,3.3,No
EMP10108,34,Male,Operations,Operations Manager,Mumbai,2/9/2021 2:21,,Active,47800,Mid,5.6,3,4.7,100,91,1.6,40.7,20,33,2,1,7,Yes,4.1,No
EMP10109,27,Male,Sales,Account Manager,Pune,12/6/2023 17:17,,Active,28900,Junior,2.7,1.5,4.7,100,90,3.8,40,12,17,1,6,7,No,4.3,No
EMP10110,21,Male,IT,Data Analyst,Bengaluru,11/24/2022 0:08,,Active,35600,Junior,3.8,2.2,3.3,92,71,2.7,44.8,17,7,2,6,6,Yes,3.8,No
EMP10111,35,Male,Sales,Sales Manager,Bengaluru,1/28/2022 13:58,,Active,68600,Mid,4.6,2.7,3.6,100,90,1.8,47.7,31,44,2,3,4,Yes,3.5,No
EMP10112,38,Male,IT,Software Engineer,Chennai,10/23/2019 15:19,,Active,83800,Senior,6.9,4.7,3.1,100,98,3.7,39.6,15,27,4,7,7,No,3.8,No
EMP10113,36,Female,Customer Support,Support Executive,Hyderabad,2/10/2022 23:27,,Active,56300,Mid,4.6,3.5,2.7,98,92,4.1,40.6,7,3,2,7,7,Yes,2.9,No
EMP10114,21,Female,Marketing,Marketing Manager,Pune,9/9/2019 19:10,,Active,39500,Junior,7,6.1,2.8,98,94,2.8,43.4,25,17,3,5,4,No,3.4,No
EMP10115,32,Male,Operations,Operations Analyst,Mumbai,2/19/2022 16:14,,Active,48300,Mid,4.5,2.2,4,100,98,4.2,40.7,9,28,2,7,7,No,3.5,No
EMP10116,21,Female,Customer Support,Support Manager,Hyderabad,2/22/2023 16:14,,Active,40100,Junior,3.5,3.1,3.7,100,98,4.2,44.1,10,28,1,3,3,Yes,3.4,No
EMP10117,44,Male,Marketing,Digital Marketing Executive,Hyderabad,12/17/2021 0:38,,Active,79200,Senior,4.7,4.1,4.2,98,89,3.4,43,27,21,2,7,4,No,3.4,No
EMP10118,26,Male,IT,Data Analyst,Hyderabad,10/13/2021 21:04,,Active,42000,Junior,4.9,2.3,5,100,73,3.9,47.1,19,3,2,7,10,Yes,3,No
EMP10119,43,Male,Customer Support,Support Manager,Hyderabad,2/27/2022 14:37,,Active,84300,Senior,4.5,2.8,3.9,100,98,4.3,44.8,14,20,2,5,6,No,2.7,No
EMP10120,41,Female,HR,HR Analyst,Delhi NCR,7/29/2025 13:06,,Active,83400,Senior,1.1,0.9,2.9,87,84,3.9,41.2,23,43,0,2,4,No,3.3,No
EMP10121,28,Female,Marketing,Marketing Analyst,Delhi NCR,6/13/2024 2:17,,Active,61900,Mid,2.2,1.6,4.3,100,98,1.3,40.8,5,48,1,4,2,No,4,No
EMP10122,26,Female,Customer Support,Support Analyst,Mumbai,9/28/2019 14:36,,Active,43600,Junior,6.9,5.5,2.9,100,70,1.1,39.3,14,19,4,8,10,Yes,2.1,No
EMP10123,36,Male,Sales,Sales Executive,Pune,1/11/2023 11:53,,Active,62600,Mid,3.6,2.8,4.8,100,98,4.4,39.5,4,54,1,6,2,No,3.1,No
EMP10124,28,Female,IT,BI Developer,Bengaluru,10/15/2023 12:58,,Active,61500,Mid,2.9,2,2,77,92,2.8,46.3,33,5,1,5,4,Yes,5,No
EMP10125,35,Male,Sales,Sales Manager,Hyderabad,4/30/2019 16:56,,Active,61600,Mid,7.3,3.4,3.1,89,93,3,42.1,12,17,3,5,5,No,3.3,No
EMP10126,31,Female,Finance,Finance Manager,Bengaluru,1/5/2024 9:52,,Active,62700,Mid,2.7,1.9,4,100,98,5,48.5,26,40,1,7,7,Yes,3.6,No
EMP10127,22,Male,Marketing,Marketing Manager,Hyderabad,12/10/2020 0:16,,Active,41100,Junior,5.7,2.7,4.4,100,98,2.7,37.8,7,38,2,9,3,Yes,5,No
EMP10128,21,Male,Customer Support,Support Analyst,Hyderabad,6/13/2022 6:10,,Active,35200,Junior,4.2,3,3,93,91,3.3,41.2,10,28,1,2,2,Yes,3.8,No
EMP10129,36,Female,IT,Data Analyst,Bengaluru,9/20/2020 11:37,,Active,64600,Mid,5.9,4.8,2.9,74,89,3.4,39.6,7,12,3,4,2,No,3.8,No
EMP10130,30,Female,Finance,Accountant,Bengaluru,10/18/2020 11:26,,Active,54400,Mid,5.9,4.2,3.6,100,96,3.2,40.1,7,12,3,5,9,No,2.8,No
EMP10131,30,Male,Finance,Financial Analyst,Bengaluru,4/2/2020 10:55,,Active,67600,Mid,6.4,5.8,4.9,100,98,4.6,40.7,5,18,2,5,7,Yes,3.8,No
EMP10132,39,Female,Sales,Sales Executive,Hyderabad,6/29/2019 11:03,,Active,95500,Senior,7.2,4.7,2.3,94,89,3.1,40.6,18,13,3,4,5,No,3.5,No
EMP10133,42,Male,IT,Data Analyst,Pune,9/9/2021 2:41,,Active,105300,Senior,5,3.9,3.3,100,98,4,43.1,6,30,2,5,5,No,4.2,No
EMP10134,32,Female,Sales,Account Manager,Bengaluru,6/20/2021 17:13,,Active,63600,Mid,5.2,3.9,3.7,100,98,3.5,46.9,20,27,2,12,4,Yes,4.5,No
EMP10135,32,Female,Customer Support,Support Executive,Hyderabad,9/12/2022 3:52,,Active,66400,Mid,4,3.6,2.9,98,90,4.3,38.5,35,12,1,5,7,No,3.5,No
EMP10136,38,Female,Sales,Account Manager,Mumbai,1/3/2022 1:49,,Active,79100,Senior,4.7,3.6,2.9,88,87,2.2,45.2,14,23,2,5,7,Yes,3.8,No
EMP10137,25,Male,Finance,Finance Manager,Delhi NCR,10/13/2021 11:12,,Active,44600,Junior,4.9,2.6,3.3,98,83,1.4,47.4,9,3,3,8,5,No,2,No
EMP10138,36,Male,Operations,Operations Manager,Chennai,1/24/2023 21:53,,Active,68200,Mid,3.6,3.2,3.7,100,97,3.4,42.5,16,33,2,4,6,No,1.7,No
EMP10139,38,Male,Sales,Sales Executive,Mumbai,6/11/2020 6:08,,Active,100500,Senior,6.2,4.7,3.4,100,98,2.6,39.2,6,38,3,4,10,Yes,4.4,No
EMP10140,39,Female,Customer Support,Support Analyst,Delhi NCR,10/27/2019 7:32,,Active,90800,Senior,6.8,3.2,4.6,100,90,4.7,39.9,11,15,3,7,3,No,1.5,No
EMP10141,21,Male,Customer Support,Support Manager,Bengaluru,11/18/2024 0:50,,Active,35600,Junior,1.8,1.3,3.9,100,98,3.3,40.4,9,17,0,6,3,No,3.8,No
EMP10142,29,Male,Sales,Account Manager,Bengaluru,7/7/2022 21:56,,Active,52400,Mid,4.2,3.6,3.8,100,98,3.6,42.6,12,32,1,12,7,No,3.4,No
EMP10143,28,Male,Finance,Accountant,Mumbai,11/13/2021 14:23,,Active,53000,Mid,4.8,3.4,4.3,100,98,3.1,43.6,37,29,3,7,11,No,4.5,No
EMP10144,35,Male,Sales,Sales Executive,Bengaluru,1/14/2020 5:40,,Active,59800,Mid,6.6,4,3.8,100,92,2.8,40.8,8,39,2,8,6,No,3.5,No
EMP10145,37,Female,Sales,Sales Manager,Hyderabad,12/15/2023 23:16,,Active,47700,Mid,2.7,2.2,3.2,91,94,3.5,39.7,17,17,1,3,1,No,4.9,No
EMP10146,44,Male,IT,Data Analyst,Delhi NCR,5/25/2021 11:08,,Active,84600,Senior,5.3,4.3,3.3,100,87,4.3,41.9,24,19,2,5,5,No,3.3,No
EMP10147,31,Female,Operations,Operations Analyst,Delhi NCR,11/17/2021 8:48,,Active,60600,Mid,4.8,3.3,2.7,96,95,3.1,40.5,12,25,2,6,7,Yes,4.4,No
EMP10148,31,Male,Finance,Finance Manager,Bengaluru,6/7/2021 12:00,,Active,60500,Mid,5.2,2.7,5,99,83,3.1,42.3,19,13,2,4,2,No,2.3,No
EMP10149,42,Male,IT,BI Developer,Mumbai,8/25/2024 5:23,,Active,83200,Senior,2,1.1,4.2,100,98,4.1,37.9,12,25,0,6,9,Yes,1.7,No
EMP10150,36,Male,Sales,Account Manager,Hyderabad,4/15/2023 10:08,,Active,51400,Mid,3.4,2.7,1.6,82,72,1.9,42.9,30,13,1,7,7,Yes,3.5,No
EMP10151,43,Male,Customer Support,Support Manager,Chennai,7/17/2024 7:36,,Active,82400,Senior,2.1,1.7,4.5,100,98,4.5,41,12,34,0,6,7,No,2.4,No
EMP10152,36,Male,Sales,Account Manager,Bengaluru,2/28/2025 0:35,,Active,58500,Mid,1.5,0.9,2.4,98,76,2.7,43,20,15,0,10,4,No,3.5,No
EMP10153,26,Female,IT,Software Engineer,Chennai,4/17/2025 4:44,,Active,52900,Junior,1.4,0.9,3.9,100,98,4.3,44.2,6,32,0,9,5,Yes,3.2,No
EMP10154,25,Male,Finance,Accountant,Delhi NCR,1/16/2023 16:28,,Active,45400,Junior,3.6,1.7,1.8,92,97,3.7,40.4,5,48,1,7,3,Yes,4,No
EMP10155,23,Female,Customer Support,Support Manager,Delhi NCR,2/28/2022 0:16,,Active,39500,Junior,4.5,3.5,3.2,90,85,1.5,40,24,34,2,6,3,Yes,2.6,No
EMP10156,39,Male,Sales,Sales Executive,Delhi NCR,2/18/2024 10:19,,Active,93900,Senior,2.5,1.1,4.5,100,98,3.4,42.6,18,30,2,7,3,Yes,3.8,No
EMP10157,42,Male,Operations,Operations Executive,Bengaluru,2/2/2020 0:44,,Active,97100,Senior,6.6,3.1,4.5,100,91,4.6,39.5,10,9,3,0,4,No,4.2,No
EMP10158,47,Female,Marketing,Marketing Analyst,Bengaluru,12/19/2019 17:57,,Active,94700,Senior,6.7,3,3.7,100,98,3.1,38.9,6,47,3,9,6,No,3.3,No
EMP10159,40,Male,Sales,Sales Executive,Hyderabad,9/16/2024 14:14,,Active,87800,Senior,2,1.5,4.1,100,98,3.2,42.8,28,44,0,8,6,Yes,3.9,No
EMP10160,42,Male,Operations,Operations Manager,Mumbai,7/1/2023 23:36,,Active,84100,Senior,3.2,2,2.4,82,70,2.7,41,18,26,2,5,3,Yes,,No
EMP10161,30,Male,Sales,Sales Executive,Chennai,8/5/2025 22:25,,Active,59100,Mid,1.1,0.6,3.9,100,98,4.5,38.7,11,23,1,8,3,No,3.2,No
EMP10162,26,Male,Operations,Operations Analyst,Mumbai,4/13/2024 11:32,,Active,45000,Junior,2.4,2.1,4.1,90,76,3,41.4,21,17,1,14,7,Yes,2.4,No
EMP10163,40,Female,Operations,Operations Manager,Bengaluru,6/17/2024 14:32,,Active,88100,Senior,2.2,1.2,5,100,98,5,42.3,9,53,1,9,4,Yes,5,No
EMP10164,37,Male,HR,Recruiter,Hyderabad,8/7/2022 16:17,,Active,52300,Mid,4.1,2.6,3,100,98,4.4,41.6,12,39,1,8,4,Yes,4.5,No
EMP10165,35,Female,IT,Data Analyst,Mumbai,2/29/2020 6:03,,Active,47900,Mid,6.5,5.7,3.5,100,98,4.6,38,4,17,2,5,4,Yes,4.8,No
EMP10166,37,Female,Marketing,Marketing Manager,Delhi NCR,4/14/2022 0:31,,Active,59200,Mid,4.4,2.8,3.6,100,97,3.5,39.6,14,43,2,7,5,Yes,4.5,No
EMP10167,36,Male,Sales,Sales Executive,Hyderabad,12/26/2021 2:27,,Active,52800,Mid,4.7,3.3,4,95,89,3,45.9,45,47,2,7,8,Yes,3,No
EMP10168,43,Female,IT,Data Analyst,Chennai,7/5/2022 22:39,,Active,86900,Senior,4.2,2,4.2,100,87,3.8,39.2,13,28,1,3,12,No,2.3,No
EMP10169,43,Male,IT,System Engineer,Pune,10/16/2021 8:52,,Active,100200,Senior,4.9,3.9,4.3,100,98,4.8,39.9,17,23,2,7,11,No,3.2,No
EMP10170,38,Female,HR,Recruiter,Hyderabad,6/14/2020 14:24,,Active,89600,Senior,6.2,4,4.2,100,98,5,40.8,18,14,3,6,2,No,3.9,No
EMP10171,40,Male,Operations,Operations Analyst,Hyderabad,12/11/2021 21:07,,Active,84700,Senior,4.7,3.8,2.4,100,86,1.7,37.9,3,38,3,6,5,No,3.3,No
EMP10172,38,Female,IT,System Engineer,Chennai,8/20/2024 18:10,,Active,92200,Senior,2,1.1,1.5,80,93,5,41.6,11,22,0,4,2,No,1.7,No
EMP10173,31,Male,Finance,Finance Manager,Mumbai,9/26/2019 15:26,,Active,73400,Mid,6.9,4.4,3.1,86,93,3.6,39.5,2,21,3,6,2,Yes,4.1,No
EMP10174,39,Male,Sales,Sales Executive,Bengaluru,3/22/2022 3:47,,Active,89200,Senior,4.4,3.5,3.5,89,94,4.1,44.5,8,28,2,8,1,No,2.2,No
EMP10175,24,Female,Operations,Operations Executive,Mumbai,3/22/2024 1:52,,Active,25000,Junior,2.4,2.1,3,94,75,2.6,38.2,9,17,2,2,5,No,3.2,No
EMP10176,41,Female,IT,System Engineer,Bengaluru,9/23/2021 11:48,,Active,94600,Senior,4.9,2.3,3.2,99,92,2.5,44.6,14,49,2,3,3,No,4.9,No
EMP10177,26,Male,Operations,Operations Executive,Hyderabad,9/25/2020 19:13,,Active,40400,Junior,5.9,4.8,3.2,100,87,2.1,40.8,2,42,2,7,3,Yes,3.5,No
EMP10178,36,Male,Sales,Sales Manager,Hyderabad,9/24/2021 15:08,,Active,60600,Mid,4.9,2.9,3.9,100,82,4.9,48.2,36,29,2,2,5,No,4.4,No
EMP10179,28,Female,Customer Support,Support Analyst,Hyderabad,3/1/2022 18:36,,Active,58500,Mid,4.5,3.1,2.7,81,84,2.8,45.6,18,16,3,6,4,No,3.8,No
EMP10180,38,Female,IT,System Engineer,Bengaluru,7/17/2020 9:35,,Active,84300,Senior,6.1,3.5,3.4,97,92,3.3,39.1,1,17,2,4,5,No,2.7,No
EMP10181,34,Female,Sales,Sales Executive,Hyderabad,8/18/2024 7:33,,Active,70600,Mid,2,1.5,3.4,99,97,3.1,37,4,16,1,5,6,Yes,4.1,No
EMP10182,23,Female,IT,Software Engineer,Mumbai,10/9/2024 11:42,,Active,25100,Junior,1.9,1.2,3.9,100,94,2.5,40.9,10,11,0,7,4,Yes,3.4,No
EMP10183,37,Female,Customer Support,Support Manager,Hyderabad,1/23/2021 21:04,,Active,57800,Mid,5.6,3.4,4.4,100,89,3.2,37.8,22,33,2,5,4,No,2.3,No
EMP10184,30,Female,Customer Support,Support Analyst,Delhi NCR,9/26/2020 13:44,,Active,57700,Mid,5.9,2.8,4.8,100,98,3.5,42.9,10,19,3,9,8,No,2.2,No
EMP10185,40,Male,Sales,Account Manager,Mumbai,1/5/2025 8:32,,Active,96000,Senior,1.7,0.9,2.9,93,98,4.5,43.4,24,18,1,5,2,Yes,3.8,No
EMP10186,34,Male,Operations,Operations Executive,Bengaluru,2/3/2020 2:05,,Active,68600,Mid,6.6,5.7,2,87,89,2.4,42.3,30,17,2,7,7,No,5,No
EMP10187,37,Female,Marketing,Marketing Manager,Bengaluru,4/4/2020 7:10,,Active,58400,Mid,6.4,5.8,3.3,96,96,2.9,40.1,10,42,2,3,6,Yes,2.6,No
EMP10188,27,Female,HR,Recruiter,Pune,6/9/2023 5:44,,Active,39400,Junior,3.2,2.6,2.3,100,93,3.9,37.9,4,17,1,5,6,Yes,2.7,No
EMP10189,30,Male,HR,Recruiter,Chennai,2/23/2023 11:58,,Active,61900,Mid,3.5,2,5,100,98,3.4,40.4,4,46,1,6,3,No,3.8,No
EMP10190,31,Male,Sales,Sales Executive,Hyderabad,10/20/2020 10:34,,Active,67400,Mid,5.9,3.7,2.8,100,96,3.5,38.4,7,24,2,1,1,Yes,2.4,No
EMP10191,40,Female,IT,BI Developer,Bengaluru,3/2/2024 21:33,,Active,97200,Senior,2.5,2,3.9,100,80,2.5,43.3,27,11,1,6,4,Yes,5,No
EMP10192,46,Male,Customer Support,Support Analyst,Mumbai,4/8/2019 16:47,,Active,86200,Senior,7.4,6.6,4.2,100,98,4.1,42,9,35,3,2,9,No,2.8,No
EMP10193,28,Male,Customer Support,Support Manager,Hyderabad,7/11/2021 14:25,,Active,63100,Mid,5.1,3.3,3.8,100,98,4.7,43.3,13,40,2,8,5,Yes,3.1,No
EMP10194,42,Male,Operations,Operations Executive,Pune,12/10/2022 6:15,,Active,92700,Senior,3.7,3,5,100,97,4.6,45.4,34,16,1,7,9,Yes,2.9,No
EMP10195,21,Male,Sales,Account Manager,Bengaluru,11/25/2022 0:50,,Active,37200,Junior,3.8,3.4,3.3,93,72,3.2,41.4,17,29,1,3,6,Yes,4.2,No
EMP10196,26,Male,Sales,Account Manager,Bengaluru,5/15/2019 20:41,,Active,40600,Junior,7.3,6.2,2.9,94,97,1.1,41.5,3,32,3,10,2,Yes,5,No
EMP10197,27,Male,Operations,Operations Analyst,Hyderabad,3/31/2025 12:41,,Active,38100,Junior,1.4,0.8,2.8,95,98,3.6,42.8,20,29,1,7,2,No,2.9,No
EMP10198,25,Male,Customer Support,Support Executive,Mumbai,2/2/2019 7:27,,Active,39100,Junior,7.6,3.4,4.1,100,88,3.5,40.9,5,22,4,5,7,No,4.2,No
EMP10199,23,Female,Customer Support,Support Executive,Mumbai,4/3/2022 22:46,,Active,28500,Junior,4.4,3,3.4,100,91,2.5,38.9,12,40,2,2,2,Yes,2.5,No
EMP10200,37,Male,Marketing,Marketing Manager,Bengaluru,10/7/2021 14:53,,Active,53600,Mid,4.9,3.4,2.8,100,89,2.7,38.3,11,24,3,10,6,Yes,4.3,No
EMP10201,33,Female,Operations,Operations Manager,Delhi NCR,1/3/2024 5:16,,Active,65700,Mid,2.7,1.5,3.8,100,93,2.5,42.6,16,20,1,5,3,Yes,4.9,No
EMP10202,37,Female,IT,Data Analyst,Pune,3/11/2020 13:29,,Active,51500,Mid,6.5,3.8,4,100,98,3.6,42.6,11,3,3,5,3,No,4.7,No
EMP10203,39,Male,IT,BI Developer,Chennai,5/18/2025 5:16,,Active,93300,Senior,1.3,1,3.7,96,85,2.7,41.7,26,3,0,4,7,No,3.6,No
EMP10204,36,Female,Customer Support,Support Analyst,Delhi NCR,4/17/2025 17:19,,Active,59400,Mid,1.4,0.9,4.2,94,88,3.5,44.1,9,31,0,4,4,No,2.7,No
EMP10205,39,Male,Operations,Operations Executive,Delhi NCR,1/13/2022 2:32,,Active,97200,Senior,4.6,2.7,3.6,100,95,5,47.3,14,27,2,6,6,Yes,3.5,No
EMP10206,34,Female,IT,Software Engineer,Bengaluru,10/20/2019 9:22,,Active,64500,Mid,6.9,5,3.1,100,87,3.2,46,13,40,4,6,5,Yes,3.3,No
EMP10207,26,Male,IT,Data Analyst,Delhi NCR,4/25/2022 7:56,,Active,34800,Junior,4.4,3.3,4.1,100,80,2.4,40.3,8,44,3,7,8,Yes,3.1,No
EMP10208,41,Female,Operations,Operations Manager,Mumbai,2/27/2025 20:16,,Active,88400,Senior,1.5,1.2,2.8,94,82,2.1,40.2,10,25,0,9,4,No,3.7,No
EMP10209,30,Female,IT,System Engineer,Hyderabad,12/14/2019 2:19,,Active,46100,Mid,6.7,3.5,2.7,100,97,3.7,44.2,18,41,3,5,9,No,3.4,No
EMP10210,27,Male,IT,System Engineer,Mumbai,12/15/2021 2:04,,Active,37100,Junior,4.7,3.7,4.4,100,96,5,47.1,43,20,2,8,5,Yes,4.1,No
EMP10211,33,Male,HR,HR Analyst,Mumbai,8/13/2025 14:11,,Active,51100,Mid,1,0.7,3.2,100,87,2.6,40.7,28,26,0,5,7,No,4.1,No
EMP10212,28,Female,Operations,Operations Manager,Bengaluru,6/8/2022 0:57,,Active,58500,Mid,4.2,2,4.7,100,86,1.5,41.5,17,26,1,5,4,No,3.4,No
EMP10213,31,Female,Operations,Operations Executive,Mumbai,2/26/2021 7:43,,Active,55500,Mid,5.5,4.4,4.1,100,98,4.9,41.8,1,50,3,6,5,No,3.8,No
EMP10214,36,Male,Sales,Sales Executive,Bengaluru,8/4/2024 9:15,,Active,53900,Mid,2.1,1.3,3.2,85,98,5,39.8,16,10,0,8,0,Yes,4.6,No
EMP10215,36,Female,Operations,Operations Manager,Bengaluru,5/15/2020 19:41,,Active,68300,Mid,6.3,3.8,3.9,100,98,4.1,39.3,9,29,2,8,7,Yes,3.1,No
EMP10216,28,Male,Sales,Sales Manager,Chennai,6/29/2019 22:44,,Active,51100,Mid,7.2,4.7,5,100,94,3.8,42.8,34,18,3,4,3,Yes,3.5,No
EMP10217,31,Female,Sales,Account Manager,Delhi NCR,2/23/2024 22:16,,Active,53300,Mid,2.5,1.5,4.1,100,86,3.5,40.1,9,24,2,7,8,No,2.7,No
EMP10218,42,Male,Operations,Operations Analyst,Delhi NCR,6/14/2022 3:49,,Active,85100,Senior,4.2,2.5,3.9,100,83,4,41.7,45,23,1,2,9,No,3.9,No
EMP10219,37,Female,Operations,Operations Analyst,Pune,1/24/2021 5:56,,Active,56600,Mid,5.6,4.6,3.1,97,94,4,45,26,29,2,6,6,No,3.7,No
EMP10220,49,Male,Marketing,Marketing Analyst,Chennai,12/14/2024 23:39,,Active,118900,Lead,1.7,0.9,4.9,100,98,3.7,39.5,11,47,0,3,7,Yes,3.9,No
EMP10221,42,Male,Operations,Operations Executive,Delhi NCR,1/24/2023 8:14,,Active,87500,Senior,3.6,3.2,4.5,100,93,2.5,41.6,9,55,1,5,6,No,2.7,No
EMP10222,42,Male,HR,HR Analyst,Pune,11/1/2024 11:36,,Active,92100,Senior,1.8,1.3,3.1,90,98,3.6,41.2,8,37,1,3,3,No,4.1,No
EMP10223,24,Male,IT,System Engineer,Mumbai,11/12/2019 16:29,,Active,42700,Junior,6.8,3.6,4.9,100,98,3.3,38.3,7,14,4,3,8,Yes,3.6,No
EMP10224,39,Male,Sales,Account Manager,Mumbai,10/10/2021 18:29,,Active,94300,Senior,4.9,2.5,3.6,100,83,2.7,38,19,26,2,5,5,No,4.3,No
EMP10225,34,Male,Sales,Account Manager,Mumbai,8/18/2023 23:05,,Active,46600,Mid,3,2.1,2.9,86,82,3.6,41.2,8,32,1,5,4,No,3.1,No
EMP10226,30,Female,Sales,Account Manager,Hyderabad,1/5/2019 10:04,,Active,62700,Mid,7.7,5.7,3.1,100,85,3,39.3,3,22,3,5,6,No,4,No
EMP10227,35,Male,Customer Support,Support Manager,Hyderabad,7/28/2022 8:16,,Active,63100,Mid,4.1,1.9,4.2,100,98,3.5,42.1,8,24,1,9,3,Yes,3.9,No
EMP10228,41,Male,Sales,Sales Executive,Mumbai,8/26/2019 18:17,,Active,85400,Senior,7,3.9,2.9,100,91,3.8,43.2,9,27,4,5,6,Yes,4.7,No
EMP10229,38,Male,Customer Support,Support Executive,Bengaluru,10/8/2024 6:09,,Active,101700,Senior,1.9,1.5,2.7,99,84,3.9,38.5,29,39,0,5,4,Yes,3.4,No
EMP10230,28,Male,Operations,Operations Executive,Hyderabad,2/20/2024 1:27,,Active,67600,Mid,2.5,1.2,3.2,89,81,3,41.2,14,35,2,3,3,No,3.1,No
EMP10231,39,Male,Marketing,Digital Marketing Executive,Bengaluru,3/17/2020 8:38,,Active,88700,Senior,6.5,5.4,3.3,100,95,3.8,43.1,4,19,2,5,4,No,3.1,No
EMP10232,30,Male,Finance,Financial Analyst,Delhi NCR,6/11/2024 7:10,,Active,55800,Mid,2.2,1.6,3,99,94,4,44.2,5,36,1,11,5,No,2.6,No
EMP10233,36,Male,HR,Recruiter,Hyderabad,6/29/2019 17:36,,Active,71600,Mid,7.2,4.6,3.2,100,98,4.3,36.8,11,52,3,6,4,No,3.1,No
EMP10234,32,Male,Finance,Financial Analyst,Hyderabad,12/18/2020 22:05,,Active,59900,Mid,5.7,3.5,4.2,100,76,3.7,49.8,55,7,2,5,9,No,1.6,No
EMP10235,32,Male,IT,BI Developer,Pune,3/10/2020 3:20,,Active,60600,Mid,6.5,3,3.7,98,85,3.9,38.4,7,22,2,6,6,No,4.6,No
EMP10236,39,Female,Operations,Operations Executive,Pune,1/5/2025 15:55,,Active,90500,Senior,1.7,1.4,3.1,100,98,3,42,2,21,0,6,6,No,5,No
EMP10237,27,Male,Sales,Sales Executive,Delhi NCR,4/29/2022 7:32,,Active,54100,Junior,4.3,2.2,3.2,97,98,5,39.4,6,29,1,10,4,Yes,3.4,No
EMP10238,48,Male,IT,Software Engineer,Hyderabad,1/7/2024 18:38,,Active,123500,Lead,2.6,1.5,3.4,94,98,3.3,42.4,4,3,2,4,2,Yes,3.9,No
EMP10239,21,Female,Operations,Operations Analyst,Hyderabad,1/26/2022 21:21,,Active,37800,Junior,4.6,3.2,3.4,92,98,4.4,39.5,3,47,2,6,6,No,3.6,No
EMP10240,30,Male,IT,Data Analyst,Bengaluru,4/13/2022 2:50,,Active,54200,Mid,4.4,2.5,3.4,100,93,3,38,13,29,2,8,3,No,2.4,No
EMP10241,37,Female,Customer Support,Support Analyst,Bengaluru,11/8/2025 7:36,,Active,57300,Mid,0.8,0.5,4.2,100,98,3.7,39.4,7,32,0,4,3,Yes,4.3,No
EMP10242,38,Male,Customer Support,Support Manager,Mumbai,9/3/2021 10:00,,Active,82800,Senior,5,4.1,3.6,100,95,3.7,41.6,2,31,2,8,7,No,4.4,No
EMP10243,33,Female,Customer Support,Support Executive,Delhi NCR,5/23/2025 18:43,,Active,54300,Mid,1.3,0.9,3.7,100,98,3.9,40.1,9,21,0,9,6,No,2.7,No
EMP10244,34,Female,Sales,Sales Executive,Hyderabad,11/30/2025 18:15,,Active,47300,Mid,0.8,0.7,4.6,100,98,2.6,39.8,20,38,0,8,6,No,3.8,No
EMP10245,37,Male,IT,Data Analyst,Pune,2/6/2020 11:34,,Active,66200,Mid,6.6,5.5,4.9,100,97,3.8,38.7,15,28,2,5,6,No,3.3,No
EMP10246,32,Female,Customer Support,Support Manager,Bengaluru,6/7/2022 15:37,,Active,61100,Mid,4.2,2.5,2.6,97,77,3,40.7,22,3,1,7,3,No,4.5,No
EMP10247,44,Male,Finance,Finance Manager,Bengaluru,10/19/2023 0:08,,Active,91700,Senior,2.9,1.8,2.3,100,98,4.1,40.5,20,26,1,1,10,Yes,3.4,No
EMP10248,40,Male,Customer Support,Support Analyst,Chennai,9/15/2025 3:36,,Active,89600,Senior,1,0.6,3.2,100,98,2.6,42.2,6,24,0,6,6,No,3.5,No
EMP10249,40,Female,Customer Support,Support Manager,Bengaluru,1/13/2024 1:50,,Active,90500,Senior,2.6,1.9,4.1,100,98,3.7,41.8,22,38,1,6,6,No,5,No
EMP10250,27,Female,Customer Support,Support Analyst,Delhi NCR,8/14/2023 14:23,,Active,49300,Junior,3,1.7,3.8,100,97,3.4,41.3,16,66,1,10,2,Yes,2.5,No
EMP10251,33,Male,Sales,Account Manager,Delhi NCR,8/24/2020 22:21,,Active,54600,Mid,6,5.3,4.3,100,97,5,40.8,10,33,3,6,4,Yes,3.7,No
EMP10252,32,Male,Sales,Sales Manager,Delhi NCR,8/1/2023 5:04,,Active,61900,Mid,3.1,2.2,3.2,100,98,4.4,42.6,10,58,2,4,7,No,3.6,No
EMP10253,27,Male,Customer Support,Support Analyst,Bengaluru,10/16/2019 18:40,5/3/2026 18:40,Exited,39900,Junior,6.9,4.3,2,89,74,4.6,45.5,31,18,3,9,7,No,3,Yes
EMP10254,37,Male,Sales,Sales Manager,Bengaluru,6/18/2023 22:32,,Active,68000,Mid,3.2,2.4,2.5,94,94,2.7,41.3,21,19,1,4,1,No,5,No
EMP10255,30,Female,IT,Software Engineer,Bengaluru,12/10/2021 8:27,,Active,63100,Mid,4.7,3,3.9,100,98,3.1,40.3,8,25,2,7,4,No,3.8,No
EMP10256,39,Male,HR,HR Manager,Delhi NCR,8/5/2024 20:17,,Active,93400,Senior,2.1,1.7,4.3,100,95,3.4,42.6,8,34,0,8,5,No,4,No
EMP10257,27,Male,Customer Support,Support Manager,Delhi NCR,10/6/2024 0:24,,Active,29200,Junior,1.9,1.3,2.1,98,92,4.4,38.6,3,19,1,6,7,Yes,4.2,No
EMP10258,46,Male,Operations,Operations Executive,Bengaluru,5/11/2024 13:22,,Active,84300,Senior,2.3,1.1,4.6,100,88,3.7,40.3,13,5,2,4,5,No,3.2,No
EMP10259,28,Male,HR,HR Analyst,Hyderabad,10/30/2025 16:14,,Active,51800,Mid,0.8,0.4,3.8,100,98,2.7,43.4,14,28,0,9,4,No,4.5,No
EMP10260,36,Male,IT,System Engineer,Pune,11/20/2023 8:01,,Active,42700,Mid,2.8,2.3,3.4,100,86,2.8,42.2,29,12,1,5,5,Yes,4.3,No
EMP10261,40,Female,Operations,Operations Executive,Bengaluru,2/11/2022 3:26,,Active,92800,Senior,4.6,3.2,3,100,86,4.5,42.5,15,,2,6,3,No,3.4,No
EMP10262,30,Female,Customer Support,Support Manager,Delhi NCR,4/10/2022 2:44,,Active,58200,Mid,4.4,3.9,4.7,100,97,3.8,37.2,9,37,2,6,9,Yes,4.3,No
EMP10263,40,Female,IT,Data Analyst,Hyderabad,6/25/2025 0:13,,Active,92800,Senior,1.2,0.6,4.2,100,98,3.4,42.3,7,17,1,5,6,No,4.5,No
EMP10264,25,Male,Finance,Accountant,Mumbai,7/22/2023 13:36,,Active,38200,Junior,3.1,1.8,3.9,100,91,3.4,41.6,17,34,1,8,7,No,4.1,No
EMP10265,44,Female,Customer Support,Support Analyst,Mumbai,2/8/2021 16:17,,Active,91700,Senior,5.6,3,3,88,71,4.2,44.9,31,20,2,4,7,No,2.8,No
EMP10266,34,Female,Operations,Operations Executive,Hyderabad,4/14/2020 17:17,,Active,69400,Mid,6.4,4.5,4.7,100,98,2.5,43.3,4,27,2,7,3,No,3.4,No
EMP10267,30,Female,Operations,Operations Analyst,Chennai,1/10/2022 14:00,,Active,60100,Mid,4.6,2.9,3.5,97,97,3.4,41.2,16,27,2,9,2,Yes,3.9,No
EMP10268,32,Male,Operations,Operations Manager,Pune,1/6/2022 0:29,,Active,64700,Mid,4.6,2.4,3.7,100,86,3.5,38.8,21,23,2,4,8,Yes,3.7,No
EMP10269,40,Male,Sales,Account Manager,Delhi NCR,3/31/2020 9:12,,Active,87900,Senior,6.4,4.7,3.6,94,91,2.3,39.5,3,40,2,6,3,Yes,2.9,No
EMP10270,30,Male,Sales,Account Manager,Hyderabad,3/10/2022 23:38,,Active,65800,Mid,4.5,3.1,2.9,94,84,3.2,44.9,15,12,2,9,5,Yes,3.3,No
EMP10271,29,Male,Marketing,Digital Marketing Executive,Mumbai,1/18/2024 9:00,,Active,51300,Mid,2.6,1.5,3.7,100,98,5,41.3,7,36,1,9,5,No,3.8,No
EMP10272,32,Male,Marketing,Digital Marketing Executive,Hyderabad,3/20/2022 19:31,,Active,47100,Mid,4.4,2.9,4,90,98,2.6,37.7,3,32,3,6,3,No,2.3,No
EMP10273,26,Male,Customer Support,Support Analyst,Delhi NCR,1/10/2019 20:08,,Active,52700,Junior,7.6,6,3.2,96,96,3.5,40.8,10,8,3,10,4,No,3.5,No
EMP10274,47,Male,Customer Support,Support Manager,Bengaluru,7/16/2021 12:44,,Active,102900,Senior,5.1,2.8,3.7,92,95,1.5,41.3,1,17,3,9,8,No,4.1,No
EMP10275,30,Female,Finance,Finance Manager,Hyderabad,10/21/2022 1:00,,Active,46400,Mid,3.9,2.3,3.5,100,89,3.3,41.9,18,13,1,12,14,No,3.7,No
EMP10276,40,Male,Finance,Accountant,Delhi NCR,11/16/2020 16:06,,Active,89700,Senior,5.8,3.5,4.2,99,86,2.4,40.1,4,23,3,2,6,No,2.8,No
EMP10277,35,Male,Marketing,Marketing Analyst,Mumbai,12/26/2023 20:55,4/8/2024 20:55,Exited,61000,Mid,2.7,2.1,3.3,100,96,3.1,41.8,29,29,1,7,7,Yes,3,Yes
EMP10278,27,Female,Operations,Operations Manager,Chennai,4/24/2024 17:15,,Active,43100,Junior,2.4,2,3.7,98,98,3.8,39.3,7,15,1,8,4,No,4.7,No
EMP10279,34,Female,Operations,Operations Analyst,Bengaluru,2/14/2020 21:54,,Active,72200,Mid,6.5,4,3.8,99,85,2.4,41.7,9,42,2,4,3,No,2.7,No
EMP10280,39,Female,Marketing,Marketing Manager,Mumbai,3/27/2024 15:12,,Active,82600,Senior,2.4,1.4,3.3,100,98,3.6,42,6,43,1,6,8,No,4.4,No
EMP10281,33,Female,Customer Support,Support Analyst,Bengaluru,12/8/2020 23:52,,Active,52900,Mid,5.7,4.8,2.9,96,94,2.7,40.3,6,45,2,6,6,No,3,No
EMP10282,42,Male,Sales,Sales Manager,Pune,1/14/2023 2:17,,Active,90000,Senior,3.6,3.2,3,98,75,2.2,40.6,15,3,1,4,4,No,4.4,No
EMP10283,41,Female,Sales,Account Manager,Hyderabad,6/27/2021 1:50,,Active,83300,Senior,5.2,3.9,3.8,100,98,4.3,44.6,22,55,2,4,5,No,3.9,No
EMP10284,40,Male,IT,BI Developer,Mumbai,7/17/2021 16:21,,Active,71000,Senior,5.1,4.6,3.3,100,92,2.5,42.1,25,30,3,2,4,No,3.2,No
EMP10285,31,Male,HR,Recruiter,Hyderabad,10/9/2024 11:10,,Active,58400,Mid,1.9,1.4,3.3,100,85,3,42.1,11,29,1,11,2,Yes,2.1,No
EMP10286,26,Male,IT,Software Engineer,Mumbai,8/6/2019 9:24,,Active,44000,Junior,7.1,5.5,4,100,82,2.9,44.8,28,27,3,9,8,No,3.8,No
EMP10287,30,Male,Finance,Accountant,Pune,12/18/2021 20:03,,Active,59900,Mid,4.7,2.9,4.3,100,95,3.6,37.5,5,10,3,6,10,No,3.6,No
EMP10288,35,Male,HR,Recruiter,Delhi NCR,11/13/2022 13:43,,Active,64400,Mid,3.8,2.5,4.4,100,98,3.4,42.6,18,33,1,5,8,No,3.8,No
EMP10289,38,Female,Sales,Sales Executive,Mumbai,11/2/2024 22:37,,Active,93400,Senior,1.8,0.9,3,88,98,3.3,34.8,12,51,0,8,6,No,3.9,No
EMP10290,21,Female,HR,Recruiter,Chennai,9/10/2024 8:46,,Active,30800,Junior,2,1.6,4.2,100,77,2.8,44.7,40,30,0,5,6,No,2.4,No
EMP10291,34,Male,IT,Data Analyst,Mumbai,3/30/2022 19:49,,Active,60500,Mid,4.4,3.8,5,100,98,3.2,44.2,22,12,2,4,1,No,3.8,No
EMP10292,35,Male,IT,Data Analyst,Bengaluru,5/9/2025 17:09,,Active,49300,Mid,1.3,0.9,3.6,85,81,3.7,42.5,13,7,0,6,3,Yes,4.1,No
EMP10293,32,Female,Marketing,Digital Marketing Executive,Delhi NCR,12/3/2021 6:22,,Active,56400,Mid,4.7,2.8,3.4,92,93,3.5,42.6,5,24,3,7,4,Yes,4.1,No
EMP10294,43,Female,Sales,Sales Executive,Chennai,1/8/2023 0:40,,Active,90400,Senior,3.6,1.9,3.3,100,93,4.4,41.6,6,18,1,7,6,No,2.5,No
EMP10295,37,Male,IT,System Engineer,Mumbai,12/6/2025 14:29,,Active,60000,Mid,0.7,0.4,2.7,97,96,4.1,39.9,10,38,0,3,5,No,4.4,No
EMP10296,43,Female,HR,HR Manager,Bengaluru,5/9/2019 13:13,,Active,81000,Senior,7.3,4.1,4.1,100,98,4.4,37.9,14,47,3,4,7,Yes,3.8,No
EMP10297,32,Male,Marketing,Digital Marketing Executive,Mumbai,8/3/2019 13:46,,Active,52400,Mid,7.1,5.2,3.4,100,98,4.6,41.9,13,35,3,8,9,No,3.9,No
EMP10298,41,Male,IT,Data Analyst,Delhi NCR,5/2/2021 5:21,,Active,92000,Senior,5.3,4.6,3.4,100,93,3.6,41.8,5,27,2,6,4,Yes,2.8,No
EMP10299,45,Female,Operations,Operations Executive,Bengaluru,8/12/2024 6:21,,Active,95800,Senior,2.1,1,4,100,98,4.2,36.2,5,26,0,7,3,No,4.1,No
EMP10300,43,Male,IT,System Engineer,Hyderabad,3/28/2021 1:42,,Active,88600,Senior,5.4,2.4,4.1,100,95,3.7,42.8,14,29,2,1,8,Yes,2.1,No
EMP10301,26,Male,IT,Software Engineer,Chennai,10/26/2024 20:49,,Active,36200,Junior,1.8,1.3,3,96,95,4.6,41.7,12,12,1,4,8,Yes,2.8,No
EMP10302,32,Female,HR,Recruiter,Delhi NCR,2/11/2020 7:24,,Active,66500,Mid,6.6,3.8,3.1,100,87,1.8,41.3,18,36,2,4,7,No,4.5,No
EMP10303,32,Female,HR,HR Analyst,Mumbai,5/21/2020 4:34,,Active,54600,Mid,6.3,5.3,3,95,76,3.1,42.2,9,13,2,8,5,No,4.1,No
EMP10304,37,Male,Operations,Operations Manager,Mumbai,8/14/2023 12:46,,Active,72100,Mid,3,1.8,5,100,98,3.8,40.1,6,44,2,8,5,No,3.7,No
EMP10305,39,Male,Operations,Operations Manager,Bengaluru,1/29/2019 21:01,,Active,80600,Senior,7.6,4.4,4.6,100,98,3.9,40.4,10,23,3,8,5,Yes,4.3,No
EMP10306,28,Male,Customer Support,Support Executive,Chennai,1/12/2024 18:43,,Active,67300,Mid,2.6,1.5,4,100,97,3.4,38.2,11,40,2,6,5,No,4.3,No
EMP10307,34,Female,Finance,Accountant,Mumbai,11/11/2024 23:03,,Active,63800,Mid,1.8,0.9,3.2,100,85,1.9,41,0,7,1,2,3,No,4.1,No
EMP10308,21,Male,Sales,Sales Executive,Mumbai,9/21/2022 19:31,,Active,54900,Junior,3.9,2.8,3.3,100,95,3.2,38.9,17,40,1,10,2,Yes,3.3,No
EMP10309,44,Male,Marketing,Marketing Analyst,Hyderabad,3/6/2023 20:47,,Active,82200,Senior,3.5,1.8,3.8,100,98,4.1,38.8,4,47,1,7,8,No,2.8,No
EMP10310,30,Female,Sales,Sales Executive,Delhi NCR,10/5/2019 19:34,,Active,43700,Mid,6.9,4.4,5,100,85,3.1,45.4,34,10,3,5,3,No,3,No
EMP10311,34,Male,Finance,Accountant,Hyderabad,9/18/2019 2:32,,Active,68700,Mid,7,4.6,3.7,100,96,3.5,44,35,26,3,7,3,No,4.6,No
EMP10312,32,Male,IT,System Engineer,Bengaluru,8/24/2020 10:33,,Active,49700,Mid,6,2.8,3.9,100,98,5,44.6,3,33,2,3,10,No,2.5,No
EMP10313,42,Male,IT,Data Analyst,Pune,11/22/2025 12:43,,Active,94300,Senior,0.8,0.4,1.6,88,81,3.2,42.7,10,33,0,7,3,No,3.9,No
EMP10314,21,Female,Customer Support,Support Analyst,Chennai,2/26/2019 6:49,,Active,46300,Junior,7.5,5.1,3.7,100,98,3.3,42.9,8,23,4,5,3,No,3.9,No
EMP10315,34,Male,Marketing,Marketing Analyst,Hyderabad,10/17/2024 10:29,,Active,62700,Mid,1.9,1.5,2.5,86,92,3.6,43.1,8,21,0,4,7,Yes,4.7,No
EMP10316,33,Male,Operations,Operations Manager,Chennai,1/28/2020 13:59,,Active,61600,Mid,6.6,5.8,3.1,92,98,3.6,41.4,16,32,2,4,3,No,3.9,No
EMP10317,31,Female,Finance,Financial Analyst,Bengaluru,3/14/2025 0:51,,Active,62800,Mid,1.5,0.8,3.5,100,94,3.5,39.3,5,33,0,5,7,No,3.2,No
EMP10318,46,Male,IT,System Engineer,Delhi NCR,11/21/2022 22:16,,Active,95900,Senior,3.8,1.9,3.3,100,95,3.8,38,8,19,1,3,6,No,3.2,No
EMP10319,28,Male,IT,System Engineer,Hyderabad,7/7/2020 4:03,,Active,64100,Mid,6.1,2.9,3,93,93,2.3,37,5,16,2,3,4,No,3.5,No
EMP10320,39,Male,Sales,Sales Executive,Delhi NCR,3/25/2020 3:51,,Active,81500,Senior,6.4,4.1,3,100,87,3.3,45.6,22,45,2,5,5,No,4.4,No
EMP10321,36,Male,HR,HR Manager,Mumbai,7/15/2025 2:56,,Active,72800,Mid,1.1,0.8,3.3,93,87,2.3,43.3,39,30,1,9,4,No,4.1,No
EMP10322,43,Male,Operations,Operations Executive,Mumbai,11/21/2022 6:25,,Active,90400,Senior,3.8,3.1,3.3,87,98,3.5,43.4,9,3,1,0,4,No,2.6,No
EMP10323,29,Male,Operations,Operations Executive,Bengaluru,4/12/2024 8:12,,Active,63600,Mid,2.4,1.8,3.5,86,98,3.9,38.4,17,45,1,3,5,No,3.7,No
EMP10324,29,Male,Sales,Sales Executive,Mumbai,10/18/2019 20:33,,Active,65000,Mid,6.9,3.8,3.5,95,90,3.3,43.3,30,20,3,8,5,Yes,4.2,No
EMP10325,42,Male,Customer Support,Support Manager,Bengaluru,12/4/2025 14:40,,Active,98100,Senior,0.7,0.5,4.5,100,98,2.5,44.3,9,29,0,9,5,No,3.3,No
EMP10326,37,Female,Operations,Operations Executive,Hyderabad,1/18/2024 12:21,,Active,67400,Mid,2.6,2.2,2,95,88,3,42.5,15,33,1,6,8,No,1.8,No
EMP10327,23,Female,HR,HR Analyst,Bengaluru,7/5/2023 5:16,,Active,38900,Junior,3.2,1.9,3.7,94,97,5,42.5,14,7,1,7,5,No,3.3,No
EMP10328,30,Female,Operations,Operations Manager,Bengaluru,10/22/2024 5:01,,Active,60500,Mid,1.9,1.3,3.6,100,86,4.7,40.8,18,24,1,12,9,No,2.3,No
EMP10329,37,Female,Finance,Accountant,Delhi NCR,1/16/2019 4:04,,Active,62900,Mid,7.6,6.7,3.4,97,86,2.9,39.1,11,46,3,5,3,Yes,2.2,No
EMP10330,40,Male,Sales,Account Manager,Hyderabad,5/24/2021 7:00,,Active,97700,Senior,5.3,4.1,3,100,89,2.9,42.5,21,43,3,3,2,Yes,4.4,No
EMP10331,29,Female,Sales,Sales Manager,Pune,8/7/2021 10:38,,Active,52200,Mid,5.1,4,3.4,100,89,3.3,37.8,5,24,3,3,6,No,5,No
EMP10332,21,Male,Operations,Operations Manager,Delhi NCR,1/7/2023 13:54,,Active,42500,Junior,3.6,2,2.3,100,98,4.5,41.9,17,38,1,4,5,No,4.6,No
EMP10333,38,Female,IT,BI Developer,Mumbai,2/8/2025 13:06,,Active,83800,Senior,1.6,1,3.7,100,78,1.8,43.3,7,40,1,2,8,Yes,1.4,No
EMP10334,25,Female,IT,BI Developer,Pune,9/8/2021 5:40,,Active,51000,Junior,5,2.4,3.8,97,95,2.9,38,9,39,3,7,4,No,3.4,No
EMP10335,21,Female,IT,Data Analyst,Delhi NCR,5/17/2022 16:56,,Active,40600,Junior,4.3,3.1,3,95,77,3.8,44.7,25,12,2,6,8,Yes,3,No
EMP10336,21,Female,IT,BI Developer,Bengaluru,2/9/2020 17:15,,Active,35100,Junior,6.6,3.3,5,100,98,3.7,43.4,7,51,2,5,8,Yes,2.3,No
EMP10337,40,Male,Customer Support,Support Analyst,Delhi NCR,3/19/2025 10:11,,Active,93000,Senior,1.5,1.2,3.4,97,98,3,40.8,12,22,1,6,3,Yes,3.9,No
EMP10338,35,Male,Operations,Operations Executive,Chennai,2/17/2024 22:44,,Active,60100,Mid,2.5,2,3.5,90,80,3.2,42.6,20,30,2,3,6,Yes,3.4,No
EMP10339,32,Male,Finance,Financial Analyst,Mumbai,4/18/2023 20:19,,Active,58900,Mid,3.4,2.3,4.5,100,98,3.7,39.9,9,23,1,3,9,Yes,2.6,No
EMP10340,44,Female,IT,Software Engineer,Mumbai,11/21/2020 19:01,,Active,77300,Senior,5.8,3,5,100,82,3,41.6,19,31,2,5,8,No,1.9,No
EMP10341,38,Male,Finance,Accountant,Bengaluru,10/3/2024 17:50,,Active,82800,Senior,1.9,0.9,2.7,86,80,2.4,43.7,13,16,0,4,1,No,3,No
EMP10342,45,Female,Finance,Finance Manager,Bengaluru,2/22/2022 8:19,,Active,89000,Senior,4.5,3.6,3.1,98,98,3.2,43.9,17,25,2,12,5,No,3.5,No
EMP10343,24,Female,IT,Software Engineer,Delhi NCR,8/13/2021 8:38,,Active,26200,Junior,5,3.6,3.4,100,94,3.6,43.6,21,31,2,4,5,No,3.4,No
EMP10344,34,Male,Finance,Financial Analyst,Hyderabad,7/16/2025 1:09,,Active,55900,Mid,1.1,0.8,2.9,100,95,1.5,43.8,18,45,0,5,2,Yes,4.4,No
EMP10345,23,Female,Sales,Sales Manager,Bengaluru,2/20/2020 7:33,,Active,34500,Junior,6.5,3.8,4.1,100,96,3.8,44.8,34,43,2,1,9,No,3.8,No
EMP10346,32,Female,Operations,Operations Manager,Chennai,1/19/2024 1:56,,Active,54500,Mid,2.6,1.8,2.9,100,95,4.3,38.7,14,44,1,9,5,No,3.2,No
EMP10347,32,Female,Operations,Operations Analyst,Pune,12/7/2024 7:41,,Active,65400,Mid,1.7,1.3,4.4,100,93,3.1,43.5,7,40,0,3,3,No,2.8,No
EMP10348,38,Female,IT,BI Developer,Delhi NCR,12/9/2023 9:47,,Active,83800,Senior,2.7,1.8,4,100,98,3.1,40.4,21,54,2,1,4,No,2.1,No
EMP10349,34,Male,Sales,Sales Manager,Pune,6/28/2021 12:58,,Active,60600,Mid,5.2,3.7,4.4,100,98,2.7,41.6,15,24,2,5,7,No,2.6,No
EMP10350,38,Female,Operations,Operations Analyst,Bengaluru,8/29/2022 14:06,,Active,87500,Senior,4,3.2,2.9,100,94,3.3,43.9,14,26,1,12,8,No,4.6,No
EMP10351,39,Female,Finance,Finance Manager,Delhi NCR,11/20/2025 13:27,,Active,89200,Senior,0.8,0.4,3.2,97,98,2.9,38.4,15,25,0,7,5,No,4.2,No
EMP10352,49,Male,Customer Support,Support Executive,Hyderabad,9/1/2024 2:09,,Active,136200,Lead,2,1,4.2,100,98,4.7,43.3,14,27,0,6,8,Yes,3.7,No
EMP10353,32,Male,Operations,Operations Analyst,Pune,9/28/2019 19:51,,Active,61300,Mid,6.9,4.8,4,96,90,3.5,38.6,13,8,3,9,3,No,3.1,No
EMP10354,27,Female,IT,System Engineer,Pune,6/13/2021 14:50,,Active,40600,Junior,5.2,2.5,3.3,100,92,1.5,42.2,6,32,2,6,5,No,4.5,No
EMP10355,36,Male,IT,Software Engineer,Mumbai,5/14/2025 1:12,,Active,54600,Mid,1.3,1,3.4,97,88,3.9,45.6,21,35,1,7,4,Yes,2.7,No
EMP10356,28,Female,Operations,Operations Executive,Chennai,5/14/2025 9:50,,Active,64400,Mid,1.3,1,3.2,100,98,4.9,38.8,5,24,0,7,5,Yes,2.7,No
EMP10357,44,Female,IT,BI Developer,Bengaluru,8/19/2021 10:53,,Active,94100,Senior,5,4.2,3.4,100,98,3.9,38.5,5,3,2,6,5,No,3.4,No
EMP10358,32,Male,HR,HR Manager,Pune,6/9/2023 15:17,,Active,63400,Mid,3.2,2.4,2.8,91,90,4.5,42.1,15,28,1,9,3,Yes,1.8,No
EMP10359,30,Male,Customer Support,Support Executive,Chennai,3/5/2019 20:22,,Active,51500,Mid,7.5,3.6,2.7,96,82,4,40,18,10,3,7,6,Yes,2.7,No
EMP10360,31,Female,HR,HR Manager,Bengaluru,12/9/2025 20:24,,Active,55900,Mid,0.7,0.4,4.3,100,98,4.3,35.1,4,34,0,6,13,Yes,3.3,No
EMP10361,39,Male,Sales,Sales Executive,Hyderabad,6/21/2021 16:55,,Active,100000,Senior,5.2,4.2,3.3,100,85,4.2,41.6,13,30,2,5,6,No,3.1,No
EMP10362,33,Male,Operations,Operations Analyst,Bengaluru,9/14/2023 17:10,,Active,55200,Mid,3,1.6,4.4,100,95,4.3,41.6,6,31,1,8,5,Yes,2.7,No
EMP10363,30,Male,Finance,Finance Manager,Mumbai,10/27/2025 23:17,,Active,71000,Mid,0.8,0.6,3.9,100,94,3.7,41.6,19,13,0,8,4,No,5,No
EMP10364,46,Male,HR,HR Analyst,Delhi NCR,1/30/2020 13:39,,Active,86200,Senior,6.6,5.3,3.7,94,93,1.9,41.5,10,46,3,4,2,No,4.6,No
EMP10365,28,Female,Customer Support,Support Analyst,Delhi NCR,10/11/2024 2:46,,Active,61000,Mid,1.9,1.1,3,94,87,2.4,45.5,23,30,1,6,3,No,4.9,No
EMP10366,34,Male,Sales,Sales Manager,Chennai,9/16/2023 2:09,,Active,58700,Mid,3,1.8,2.6,100,86,2.4,41.7,21,15,2,3,7,Yes,3.4,No
EMP10367,39,Female,Customer Support,Support Analyst,Hyderabad,11/16/2024 10:33,,Active,84100,Senior,1.8,1.3,3.2,100,96,1.1,42.2,22,36,0,6,8,Yes,3.1,No
EMP10368,23,Male,Customer Support,Support Manager,Delhi NCR,8/25/2020 19:18,,Active,32200,Junior,6,5,4.6,100,98,3,42,16,29,2,6,5,No,4.8,No
EMP10369,37,Male,IT,Data Analyst,Pune,12/22/2021 18:44,,Active,55100,Mid,4.7,2.6,4.2,100,98,4.7,40.2,8,54,3,8,6,No,3.6,No
EMP10370,27,Female,IT,System Engineer,Chennai,3/29/2025 5:14,,Active,39000,Junior,1.4,1.2,3.1,90,89,2.1,41.7,20,20,0,6,0,Yes,2.7,No
EMP10371,40,Female,IT,BI Developer,Bengaluru,8/3/2020 10:14,,Active,96200,Senior,6.1,4.4,3.2,96,92,4.1,45.1,7,11,2,7,4,No,2.7,No
EMP10372,27,Male,IT,Software Engineer,Chennai,12/7/2019 14:59,,Active,38600,Junior,6.7,6,2.8,95,79,3.9,41.6,10,32,3,6,5,No,3.2,No
EMP10373,39,Male,IT,System Engineer,Bengaluru,8/13/2019 12:05,,Active,89800,Senior,7,3.4,2.3,96,98,3.6,41.6,19,42,3,6,6,No,3.5,No
EMP10374,42,Male,Operations,Operations Analyst,Pune,11/19/2019 21:54,,Active,98500,Senior,6.8,3.4,3.6,100,87,4.5,48.1,37,61,3,1,5,Yes,3.6,No
EMP10375,40,Male,IT,BI Developer,Mumbai,9/28/2022 22:39,,Active,90300,Senior,3.9,3.2,4.8,100,98,3.4,45.5,22,76,2,5,6,No,3.4,No
EMP10376,36,Female,Sales,Sales Manager,Bengaluru,7/6/2025 1:55,,Active,56200,Mid,1.2,1,4.8,100,97,4.8,43.7,17,6,0,3,6,No,5,No
EMP10377,32,Male,Marketing,Marketing Manager,Delhi NCR,2/3/2024 19:08,,Active,53000,Mid,2.6,1.7,4,100,84,3.2,39.5,8,26,1,5,8,Yes,2.4,No
EMP10378,30,Male,IT,System Engineer,Hyderabad,2/16/2024 16:22,,Active,68900,Mid,2.5,1.9,3,89,89,3.7,47.8,8,11,1,7,6,Yes,4,No
EMP10379,44,Male,Marketing,Digital Marketing Executive,Mumbai,9/9/2021 8:57,,Active,87700,Senior,5,4.2,2.4,85,65,3.3,38.3,18,25,3,4,4,Yes,3.1,No
EMP10380,29,Female,Sales,Account Manager,Bengaluru,8/16/2020 15:29,,Active,55900,Mid,6,2.8,4.3,100,94,2.6,37.3,14,63,3,6,4,No,3.5,No
EMP10381,27,Female,IT,BI Developer,Hyderabad,12/24/2021 23:43,,Active,33300,Junior,4.7,3.3,3.8,100,97,2.2,41.5,4,17,2,8,11,No,4.3,No
EMP10382,39,Male,Operations,Operations Analyst,Chennai,8/8/2020 13:56,,Active,98500,Senior,6.1,5.1,3.3,100,94,3.9,40.6,12,28,2,10,7,Yes,2.1,No
EMP10383,28,Female,Operations,Operations Analyst,Mumbai,12/18/2024 0:21,,Active,56000,Mid,1.7,1.1,3.1,89,74,4.6,36.9,25,20,0,7,2,Yes,2.7,No
EMP10384,27,Male,Customer Support,Support Analyst,Bengaluru,6/11/2025 19:22,,Active,44900,Junior,1.2,0.7,4,100,98,3.6,41.5,15,14,0,8,8,Yes,3.4,No
EMP10385,24,Male,Operations,Operations Analyst,Delhi NCR,3/25/2023 16:35,,Active,36400,Junior,3.4,2.7,2.9,86,98,3.9,41.2,8,53,1,3,5,Yes,4.7,No
EMP10386,31,Female,Marketing,Digital Marketing Executive,Bengaluru,11/8/2024 12:12,,Active,51500,Mid,1.8,1.1,3.7,100,98,2,42.1,20,6,0,5,6,Yes,4.7,No
EMP10387,33,Female,Sales,Sales Manager,Pune,12/12/2025 4:42,,Active,57700,Mid,0.7,0.3,2.6,90,84,3.7,44.4,29,27,0,5,4,Yes,4.5,No
EMP10388,36,Female,IT,Software Engineer,Pune,12/21/2023 17:04,,Active,59800,Mid,2.7,2.4,5,100,79,1.5,41.5,21,29,1,6,4,Yes,1.7,No
EMP10389,41,Male,Operations,Operations Executive,Delhi NCR,5/31/2021 6:57,,Active,89200,Senior,5.3,3.8,3,85,76,2.3,41.8,17,28,2,7,3,No,2.7,No
EMP10390,38,Male,Marketing,Marketing Manager,Mumbai,1/3/2019 4:04,,Active,89000,Senior,7.7,6.3,4,100,98,4.6,44.3,8,24,4,10,11,No,2.7,No
EMP10391,33,Female,Customer Support,Support Executive,Pune,12/14/2022 8:04,,Active,57700,Mid,3.7,3,2.6,100,91,3.4,43.6,10,51,1,5,7,Yes,3.5,No
EMP10392,33,Male,Finance,Accountant,Delhi NCR,5/14/2024 15:49,,Active,54500,Mid,2.3,1.1,3.4,100,80,3.5,40.9,11,3,1,10,4,Yes,2,No
EMP10393,38,Male,Sales,Account Manager,Pune,1/17/2020 19:59,,Active,90100,Senior,6.6,3.5,4.2,100,98,3.9,42.1,6,34,2,8,8,No,4.4,No
EMP10394,43,Male,Marketing,Marketing Manager,Hyderabad,10/30/2022 11:33,,Active,93800,Senior,3.8,2.2,4.3,100,98,4.1,43.8,13,35,1,6,8,Yes,1.9,No
EMP10395,35,Female,Sales,Sales Executive,Pune,2/27/2025 14:05,,Active,49800,Mid,1.5,0.9,4.1,100,98,3.2,40.2,20,32,0,6,5,Yes,4.3,No
EMP10396,31,Male,Customer Support,Support Analyst,Hyderabad,10/13/2023 20:02,,Active,69100,Mid,2.9,2.2,3.4,100,81,3.7,44.2,27,16,1,9,5,Yes,4.2,No
EMP10397,27,Male,Customer Support,Support Manager,Mumbai,1/21/2019 1:29,,Active,25000,Junior,7.6,5.6,3,100,98,3.3,40.6,2,45,3,8,7,No,2.6,No
EMP10398,24,Female,Finance,Accountant,Chennai,12/8/2021 5:41,,Active,38500,Junior,4.7,3.2,2.7,100,98,2,42.8,9,44,2,8,8,Yes,4.5,No
EMP10399,39,Male,Operations,Operations Manager,Delhi NCR,10/20/2019 8:48,,Active,93300,Senior,6.9,3.8,4.6,100,92,3.1,39.9,18,16,3,7,5,No,3.2,No
EMP10400,38,Male,Operations,Operations Analyst,Hyderabad,4/5/2022 13:52,,Active,85800,Senior,4.4,2.7,3.6,91,93,3.8,41.7,14,11,2,7,1,Yes,3,No
EMP10401,38,Male,IT,Data Analyst,Bengaluru,3/24/2022 13:03,,Active,75100,Senior,4.4,3.1,3.7,100,87,3.1,41.1,24,9,2,9,5,Yes,3.2,No
EMP10402,33,Male,Customer Support,Support Executive,Hyderabad,6/11/2024 23:25,,Active,59300,Mid,2.2,1.5,4.4,100,92,3.1,42.8,16,31,1,2,6,No,3.2,No
EMP10403,44,Male,Finance,Financial Analyst,Delhi NCR,2/3/2019 21:43,,Active,91200,Senior,7.6,3.9,3.9,100,97,4.1,41.1,25,29,3,3,10,Yes,3.3,No
EMP10404,31,Male,Marketing,Digital Marketing Executive,Bengaluru,3/27/2025 20:38,,Active,52000,Mid,1.4,1,3.4,91,97,3.5,40.9,18,23,0,3,5,No,3.3,No
EMP10405,41,Female,Sales,Account Manager,Bengaluru,10/18/2020 15:10,,Active,84200,Senior,5.9,2.8,4.1,100,98,3.7,41.6,10,57,3,8,5,No,2.8,No
EMP10406,34,Male,Customer Support,Support Executive,Hyderabad,8/31/2022 0:10,,Active,66700,Mid,4,2.5,3,89,83,1.9,39,11,22,1,4,8,Yes,3,No
EMP10407,30,Female,Sales,Sales Executive,Pune,10/29/2022 0:55,,Active,60800,Mid,3.8,2.9,2.3,75,92,3.8,37,8,31,2,4,3,No,3,No
EMP10408,38,Female,IT,Data Analyst,Delhi NCR,1/7/2022 21:59,,Active,79400,Senior,4.6,2.1,4.6,100,96,2.4,43.1,4,25,2,5,4,No,4.8,No
EMP10409,37,Male,Customer Support,Support Analyst,Bengaluru,10/25/2023 17:10,,Active,63100,Mid,2.9,2,3.1,98,98,3.4,42.4,32,55,1,3,7,Yes,3,No
EMP10410,36,Female,IT,Data Analyst,Hyderabad,4/26/2024 14:41,1/12/2026 14:41,Exited,53500,Mid,2.3,1.4,3.3,100,82,2.4,37.3,6,3,2,7,11,No,3,Yes
EMP10411,35,Male,Sales,Sales Executive,Bengaluru,6/26/2020 5:33,,Active,54600,Mid,6.2,2.8,3.3,100,98,4.2,38.5,10,24,2,7,4,Yes,4.7,No
EMP10412,34,Female,Customer Support,Support Executive,Delhi NCR,11/4/2020 6:18,,Active,61400,Mid,5.8,3.1,3,100,97,5,42.3,20,37,2,4,3,No,3.2,No
EMP10413,51,Male,Customer Support,Support Manager,Bengaluru,2/4/2020 11:31,,Active,125700,Lead,6.6,5.8,4.3,100,81,3.3,50.8,55,25,3,5,9,No,2.8,No
EMP10414,42,Male,HR,HR Analyst,Bengaluru,11/20/2025 4:23,,Active,87200,Senior,0.8,0.5,3.8,95,71,3.3,43.3,29,10,1,3,2,No,2.6,No
EMP10415,39,Female,Operations,Operations Manager,Bengaluru,12/24/2025 3:22,,Active,86500,Senior,0.7,0.6,3.3,96,96,4.3,43.7,18,30,1,6,8,No,2.4,No
EMP10416,35,Female,Finance,Finance Manager,Mumbai,8/4/2023 5:25,,Active,58200,Mid,3.1,2.1,2.5,100,95,3.9,39.5,4,5,1,13,7,No,3.9,No
EMP10417,41,Female,Sales,Sales Executive,Bengaluru,4/14/2022 13:42,,Active,84500,Senior,4.4,3.1,3.7,90,85,3.3,45,36,37,3,4,4,Yes,2.1,No
EMP10418,38,Male,Sales,Sales Manager,Mumbai,1/27/2019 12:40,,Active,97600,Senior,7.6,4.8,1.7,90,84,3.7,44.2,38,22,3,10,4,Yes,4.6,No
EMP10419,34,Female,Operations,Operations Analyst,Delhi NCR,4/9/2019 22:19,,Active,49000,Mid,7.4,4.4,3.7,94,98,5,43.2,14,20,3,6,3,No,3.4,No
EMP10420,32,Male,Operations,Operations Executive,Delhi NCR,8/9/2025 14:35,,Active,58300,Mid,1.1,0.6,4.5,100,82,2.8,40.2,24,43,0,5,9,Yes,3.2,No
EMP10421,33,Male,Marketing,Digital Marketing Executive,Mumbai,12/29/2025 13:55,,Active,49800,Mid,0.7,0.4,3.5,100,98,2.9,41.4,10,14,0,4,3,No,3.3,No
EMP10422,21,Male,Marketing,Digital Marketing Executive,Pune,6/17/2019 4:18,,Active,44600,Junior,7.2,4.7,4.4,100,82,4.1,43.3,23,6,3,5,6,Yes,3.9,No
EMP10423,35,Female,IT,System Engineer,Bengaluru,1/19/2023 19:48,,Active,58300,Mid,3.6,1.9,2.6,89,89,5,41.6,5,15,1,6,5,Yes,3.1,No
EMP10424,31,Male,Finance,Accountant,Delhi NCR,5/22/2023 10:38,,Active,52600,Mid,3.3,1.8,5,100,98,3.6,38.4,14,57,1,4,4,No,3.3,No
EMP10425,45,Male,IT,System Engineer,Bengaluru,9/19/2024 16:08,,Active,94800,Senior,1.9,1.1,4.3,100,81,1.9,39.9,9,14,0,5,8,No,4.3,No
EMP10426,34,Female,HR,HR Manager,Bengaluru,6/5/2019 5:34,,Active,44000,Mid,7.2,4.7,3.9,99,97,3.8,43.1,13,33,3,6,4,No,3.8,No
EMP10427,26,Male,Finance,Financial Analyst,Delhi NCR,9/26/2023 7:17,,Active,40000,Junior,2.9,2.2,3.1,100,98,2.9,43.8,26,40,1,7,5,No,2.5,No
EMP10428,34,Male,Customer Support,Support Executive,Delhi NCR,10/29/2020 19:58,,Active,68100,Mid,5.8,4.8,2.9,89,90,3.8,45.7,11,15,2,9,4,No,2.9,No
EMP10429,27,Male,Sales,Sales Executive,Pune,6/26/2022 21:46,,Active,39300,Junior,4.2,2.4,3.4,71,58,2.2,44.8,49,15,1,3,4,No,2.1,No
EMP10430,37,Female,IT,Software Engineer,Delhi NCR,12/31/2020 2:46,,Active,56500,Mid,5.7,3,4.4,100,88,2.1,40.9,47,31,2,9,6,No,4,No
EMP10431,36,Male,IT,Software Engineer,Chennai,10/19/2021 9:59,,Active,,Mid,4.9,3,2.5,84,86,3.1,43.3,36,31,3,2,3,No,4.1,No
EMP10432,41,Male,Marketing,Marketing Analyst,Bengaluru,5/26/2019 21:04,,Active,97600,Senior,7.3,6.2,3.5,100,98,4.9,35.3,16,47,4,9,3,No,2.8,No
EMP10433,28,Female,Operations,Operations Executive,Bengaluru,3/27/2023 11:38,,Active,66500,Mid,3.4,1.5,4.1,93,64,2.2,48.1,51,17,1,5,5,Yes,5,No
EMP10434,34,Female,IT,Data Analyst,Bengaluru,7/25/2022 7:07,,Active,55500,Mid,4.1,3.1,4.2,100,98,3.1,42.6,21,23,2,6,7,Yes,5,No
EMP10435,24,Male,IT,Data Analyst,Bengaluru,10/30/2025 3:21,,Active,33700,Junior,0.8,0.5,4,100,98,2.1,41.2,2,68,0,11,6,No,3.5,No
EMP10436,39,Female,Operations,Operations Analyst,Delhi NCR,2/3/2019 6:09,,Active,98300,Senior,7.6,4,2.4,76,87,3.7,41.8,3,3,3,6,4,Yes,2.9,No
EMP10437,38,Female,IT,System Engineer,Hyderabad,12/15/2020 23:55,,Active,93700,Senior,5.7,3.4,4.3,98,87,3.6,44.6,16,3,2,11,2,Yes,3.7,No
EMP10438,37,Female,Marketing,Marketing Analyst,Bengaluru,12/15/2025 10:33,,Active,47500,Mid,0.7,0.4,3.6,98,91,2.1,34,4,9,0,11,5,No,2.8,No
EMP10439,34,Male,Operations,Operations Analyst,Chennai,7/28/2024 17:04,,Active,58600,Mid,2.1,1.8,2.7,90,97,4.6,39.4,36,43,0,8,2,No,4.3,No
EMP10440,37,Female,IT,Data Analyst,Pune,7/17/2024 7:24,,Active,58400,Mid,2.1,1.4,3.5,90,94,1.7,38.7,5,22,0,4,5,Yes,3.6,No
EMP10441,45,Male,IT,Data Analyst,Mumbai,9/20/2022 1:39,,Active,91700,Senior,3.9,2.7,2,70,94,4.8,40.4,9,22,1,9,5,Yes,3.7,No
EMP10442,32,Male,Customer Support,Support Analyst,Bengaluru,10/12/2020 6:23,,Active,60000,Mid,5.9,4.2,3.9,100,98,4.6,41.1,5,14,2,9,3,No,4.9,No
EMP10443,35,Male,Sales,Sales Executive,Bengaluru,7/19/2020 3:19,,Active,56400,Mid,6.1,4.5,3.4,100,98,3.7,41.6,10,41,2,5,5,No,3,No
EMP10444,26,Male,Sales,Sales Executive,Bengaluru,4/10/2025 12:12,,Active,39200,Junior,1.4,0.9,2.5,95,98,4.2,43.6,25,9,1,5,5,Yes,3,No
EMP10445,28,Male,Marketing,Digital Marketing Executive,Bengaluru,6/15/2022 7:29,,Active,56900,Mid,4.2,1.9,3.3,100,95,3.2,38.1,16,20,2,4,8,No,4.2,No
EMP10446,35,Female,Customer Support,Support Analyst,Delhi NCR,10/6/2024 6:54,,Active,83900,Mid,1.9,1.1,3,81,80,2,41,24,15,1,2,4,No,3.2,No
EMP10447,42,Male,Customer Support,Support Analyst,Mumbai,1/22/2020 19:55,,Active,90900,Senior,6.6,3.5,3,91,81,3.6,40.4,10,3,2,8,6,No,4.8,No
EMP10448,32,Male,Operations,Operations Analyst,Mumbai,12/19/2024 15:19,,Active,59900,Mid,1.7,1.3,1.8,78,72,2,40.9,10,21,0,9,5,No,4.3,No
EMP10449,32,Male,Sales,Sales Manager,Chennai,5/27/2025 19:24,,Active,72900,Mid,1.3,0.6,2.2,100,90,3.4,39.9,9,27,1,1,8,No,3.2,No
EMP10450,31,Male,IT,BI Developer,Hyderabad,12/3/2020 0:05,,Active,50400,Mid,5.7,4,3.3,100,84,2.3,41.5,7,17,3,3,5,No,2.1,No
EMP10451,30,Female,Marketing,Digital Marketing Executive,Chennai,9/20/2024 5:13,,Active,59200,Mid,1.9,1,3.2,99,86,4.3,37.9,6,24,1,6,2,No,2.3,No
EMP10452,36,Male,HR,HR Manager,Bengaluru,7/6/2019 6:35,,Active,53400,Mid,7.2,6.3,4.2,100,90,3.7,39.7,7,25,3,5,4,No,3.1,No
EMP10453,24,Male,Finance,Accountant,Mumbai,4/2/2022 6:56,,Active,42400,Junior,4.4,2.6,3,92,98,4,41.8,4,26,2,6,8,Yes,3.8,No
EMP10454,43,Male,Customer Support,Support Executive,Delhi NCR,8/1/2021 3:16,,Active,86500,Senior,5.1,3,3.1,99,86,3.7,43.1,21,13,2,4,9,No,4.4,No
EMP10455,29,Male,IT,BI Developer,Bengaluru,9/14/2020 13:59,,Active,64100,Mid,6,5.2,3.1,81,82,5,43.1,32,12,2,6,1,No,3.3,No
EMP10456,39,Male,Finance,Financial Analyst,Bengaluru,1/6/2024 19:06,,Active,93600,Senior,2.7,1.7,3.4,99,90,4.3,39.5,3,29,2,7,2,No,2.8,No
EMP10457,25,Female,IT,System Engineer,Hyderabad,9/30/2021 15:49,,Active,43500,Junior,4.9,4.3,3.6,92,89,4.9,40.7,15,7,2,7,3,No,3.4,No
EMP10458,39,Female,Finance,Finance Manager,Hyderabad,4/18/2025 16:36,,Active,93700,Senior,1.4,0.6,3.2,100,83,2.6,41.8,21,25,0,7,6,Yes,3.5,No
EMP10459,39,Male,IT,System Engineer,Mumbai,2/9/2019 16:46,,Active,88400,Senior,7.6,4.5,3.9,100,98,2.9,40.9,17,51,3,8,7,No,4.5,No
EMP10460,37,Female,IT,Data Analyst,Delhi NCR,11/21/2024 3:59,,Active,50200,Mid,1.8,1.3,5,100,98,1.2,39.3,2,27,0,6,7,No,4.5,No
EMP10461,27,Female,IT,BI Developer,Mumbai,9/22/2020 23:42,,Active,45100,Junior,5.9,5,2.9,97,77,,43.4,21,3,2,5,8,No,2.7,No
EMP10462,36,Female,Operations,Operations Analyst,Bengaluru,6/16/2022 8:31,,Active,69900,Mid,4.2,2.4,3.8,100,77,3.4,44.2,28,31,2,8,5,No,3.9,No
EMP10463,26,Male,Operations,Operations Analyst,Mumbai,5/28/2024 9:07,,Active,31400,Junior,2.3,2,3.5,100,85,3.8,38.7,16,39,1,8,8,Yes,2.8,No
EMP10464,32,Male,HR,HR Manager,Bengaluru,10/24/2019 13:32,,Active,65200,Mid,6.9,4.9,4.3,100,89,2.9,45.4,7,17,3,5,5,No,2.8,No
EMP10465,41,Male,Customer Support,Support Executive,Bengaluru,3/23/2019 16:36,,Active,81800,Senior,7.4,6,3.7,100,98,4.1,39.6,8,24,3,9,4,Yes,4.3,No
EMP10466,40,Female,Sales,Sales Executive,Chennai,1/25/2021 6:59,,Active,91400,Senior,5.6,3.5,3,100,94,4,41.5,3,16,2,5,8,No,3.3,No
EMP10467,34,Female,Sales,Sales Executive,Hyderabad,12/25/2020 8:01,,Active,62900,Mid,5.7,3.1,2.6,89,89,3,40.2,23,22,2,6,6,No,4,No
EMP10468,27,Male,Customer Support,Support Manager,Hyderabad,9/21/2020 1:03,,Active,35000,Junior,5.9,5.1,4,100,98,2.5,46.5,23,19,2,4,12,Yes,3.9,No
EMP10469,39,Male,Sales,Sales Manager,Mumbai,4/6/2025 18:28,,Active,90700,Senior,1.4,1.2,2.7,88,90,3.5,43.2,15,34,0,3,2,No,3.4,No
EMP10470,34,Female,Customer Support,Support Executive,Mumbai,12/19/2019 10:00,,Active,65900,Mid,6.7,4.5,4.4,100,98,3.5,42.8,15,51,4,4,6,Yes,3.8,No
EMP10471,21,Female,IT,Data Analyst,Bengaluru,12/27/2022 21:41,,Active,37200,Junior,3.7,1.7,3.9,100,97,2.9,40.1,4,29,1,8,3,No,3.7,No
EMP10472,39,Female,Customer Support,Support Manager,Bengaluru,12/12/2022 20:47,,Active,85300,Senior,3.7,1.8,3.6,100,89,3.2,36.4,8,6,1,2,8,Yes,2.6,No
EMP10473,34,Female,IT,System Engineer,Bengaluru,4/28/2020 15:34,,Active,51400,Mid,6.3,4.5,2.5,100,87,2.1,44.4,2,63,3,3,4,No,3.9,No
EMP10474,42,Male,Customer Support,Support Manager,Pune,9/23/2021 19:49,,Active,87300,Senior,4.9,2.3,4,100,98,4,43.1,8,36,3,3,8,Yes,2.9,No
EMP10475,26,Female,HR,HR Analyst,Hyderabad,1/21/2022 3:28,,Active,29800,Junior,4.6,2.9,4.7,100,98,4,41.2,16,39,3,10,10,No,2.6,No
EMP10476,21,Female,Customer Support,Support Executive,Delhi NCR,2/7/2021 23:55,,Active,35400,Junior,5.6,3.3,3.2,100,88,3.4,42.8,13,27,2,5,6,No,4.2,No
EMP10477,36,Male,IT,System Engineer,Delhi NCR,6/18/2020 4:00,,Active,56700,Mid,6.2,4.8,2.9,100,93,4.1,38,10,31,3,8,4,Yes,3,No
EMP10478,36,Male,HR,HR Analyst,Chennai,12/4/2019 2:30,,Active,65600,Mid,6.7,3.2,3.4,83,67,3.5,41.6,51,23,3,5,2,No,4.4,No
EMP10479,22,Female,Customer Support,Support Analyst,Bengaluru,4/30/2019 18:19,,Active,38500,Junior,7.3,4.9,3.9,100,94,4.9,41.8,14,41,3,11,7,No,4.4,No
EMP10480,27,Male,HR,HR Manager,Mumbai,6/14/2019 16:29,,Active,55800,Junior,7.2,5.1,3.1,100,91,2.2,39.9,15,21,4,5,9,No,3.1,No
EMP10481,53,Female,Operations,Operations Executive,Mumbai,4/27/2019 22:49,,Active,110900,Lead,7.3,5.3,4.2,100,98,3.6,39.5,6,35,3,6,5,Yes,4.4,No
EMP10482,32,Female,Operations,Operations Manager,Pune,12/3/2022 21:58,,Active,62200,Mid,3.7,2.3,4.9,100,98,4.2,41.1,10,42,2,4,8,No,3.2,No
EMP10483,39,Female,Finance,Finance Manager,Chennai,6/27/2025 19:03,,Active,86800,Senior,1.2,0.7,3.7,100,98,4.7,37.9,7,45,0,7,7,Yes,3.4,No
EMP10484,29,Male,Operations,Operations Manager,Mumbai,1/15/2025 9:52,,Active,53300,Mid,1.6,1.2,3.3,98,97,4.1,42.8,24,42,0,5,4,No,3.9,No
EMP10485,21,Male,HR,HR Manager,Pune,8/7/2023 13:47,,Active,37800,Junior,3.1,2.6,3.8,92,93,2.5,39,14,14,1,4,3,Yes,5,No
EMP10486,33,Female,Customer Support,Support Manager,Pune,5/17/2024 3:41,,Active,59300,Mid,2.3,1.8,4.4,100,94,1.9,42.7,1,50,2,4,4,Yes,4.3,No
EMP10487,32,Male,IT,System Engineer,Bengaluru,4/12/2023 5:46,,Active,67500,Mid,3.4,3,3.6,100,98,3.2,41.5,14,37,1,7,6,Yes,3.5,No
EMP10488,31,Female,Sales,Sales Manager,Mumbai,5/8/2021 21:39,,Active,60600,Mid,5.3,4.1,3.9,100,95,3.7,41.8,4,32,2,7,3,No,3.6,No
EMP10489,33,Female,Customer Support,Support Manager,Mumbai,2/5/2024 0:40,,Active,55200,Mid,2.6,2.1,4,100,98,4.3,36.6,8,34,1,2,5,No,2.2,No
EMP10490,36,Male,Customer Support,Support Analyst,Chennai,3/21/2024 23:06,,Active,62300,Mid,2.4,1.3,2.8,89,86,2.4,41.7,2,26,2,8,5,No,4.3,No
EMP10491,33,Male,Finance,Financial Analyst,Bengaluru,4/7/2024 6:21,,Active,58400,Mid,2.4,1.5,3.8,100,98,3.9,45,10,21,1,6,5,No,4.2,No
EMP10492,25,Male,Operations,Operations Analyst,Pune,12/28/2022 18:31,,Active,30100,Junior,3.7,2.5,2.5,100,72,1,45.8,44,23,1,6,9,No,3.7,No
EMP10493,37,Male,Sales,Account Manager,Mumbai,10/17/2022 19:23,,Active,58300,Mid,3.9,2.2,3,91,98,2.7,42.4,9,46,1,8,2,No,4.1,No
EMP10494,21,Female,IT,Software Engineer,Hyderabad,9/2/2025 10:24,,Active,39600,Junior,1,0.7,4.4,100,96,4.2,42.9,28,29,0,7,4,No,1.9,No
EMP10495,21,Female,Finance,Accountant,Delhi NCR,1/18/2019 19:32,,Active,38500,Junior,7.6,4.4,4.2,100,88,2.3,43.2,18,32,4,3,6,No,2.6,No
EMP10496,39,Female,Sales,Account Manager,Delhi NCR,7/23/2019 17:10,,Active,92300,Senior,7.1,5.4,3.3,100,98,2.4,44.9,7,29,4,4,7,No,4.9,No
EMP10497,38,Female,HR,HR Manager,Pune,2/15/2025 14:59,,Active,86300,Senior,1.5,1,4.8,100,98,2.9,46.9,10,19,0,9,3,No,3.3,No
EMP10498,34,Male,IT,System Engineer,Pune,4/16/2025 16:27,,Active,62200,Mid,1.4,0.9,2.5,86,70,3.6,42.2,11,3,0,5,2,No,4.1,No
EMP10499,24,Female,Customer Support,Support Executive,Pune,9/25/2022 9:22,,Active,38800,Junior,3.9,3.5,3.3,100,87,2.4,38,4,39,2,7,7,No,2.9,No
EMP10500,29,Female,Customer Support,Support Manager,Bengaluru,4/13/2023 4:29,,Active,60900,Mid,3.4,2.1,3.7,100,92,3.4,43.9,19,37,1,8,0,No,3.1,No
EMP10501,32,Female,Operations,Operations Analyst,Hyderabad,6/3/2021 22:40,,Active,60200,Mid,5.2,3.2,1.4,99,98,3,38.9,16,28,2,3,6,Yes,5,No
EMP10502,23,Female,HR,HR Analyst,Bengaluru,4/22/2024 12:55,,Active,53200,Junior,2.4,1.4,3.4,100,93,4.4,39.2,6,13,1,7,4,No,3.4,No
EMP10503,29,Male,Sales,Account Manager,Mumbai,9/21/2019 12:34,,Active,67800,Mid,6.9,5.9,2.7,100,86,3,41.3,21,53,3,4,4,Yes,3.9,No
EMP10504,39,Female,Marketing,Marketing Manager,Delhi NCR,3/3/2022 9:46,,Active,92100,Senior,4.5,3,2.7,100,74,3.4,46.6,12,23,2,4,9,No,3.6,No
EMP10505,44,Male,Operations,Operations Executive,Mumbai,6/19/2024 13:01,,Active,84400,Senior,2.2,1.6,3.3,100,98,3.5,44.3,6,31,1,7,6,No,3.7,No
EMP10506,31,Male,IT,BI Developer,Delhi NCR,1/23/2023 1:26,,Active,58000,Mid,3.6,1.9,2.1,92,98,3,43.6,4,18,1,4,7,No,3.7,No
EMP10507,39,Male,Customer Support,Support Executive,Chennai,1/9/2021 15:07,,Active,101300,Senior,5.6,3.9,2.9,100,79,4.1,42.7,5,9,2,7,9,No,1.9,No
EMP10508,21,Female,Marketing,Digital Marketing Executive,Bengaluru,9/9/2021 21:17,,Active,34100,Junior,5,2.9,2.1,94,79,4.3,40.7,24,36,2,6,7,Yes,3.9,No
EMP10509,39,Female,Customer Support,Support Analyst,Hyderabad,10/2/2025 4:07,,Active,88800,Senior,0.9,0.7,3.6,99,84,3,46.5,47,7,0,4,6,No,3.1,No
EMP10510,28,Female,Operations,Operations Analyst,Mumbai,4/30/2020 4:35,,Active,58500,Mid,6.3,5.2,3.6,100,98,3.7,45,3,31,3,5,5,No,4.9,No
EMP10511,36,Female,Operations,Operations Analyst,Bengaluru,1/25/2020 13:17,,Active,62600,Mid,6.6,5.1,3.2,96,83,2.6,42.5,11,31,2,7,5,Yes,2.9,No
EMP10512,32,Male,Finance,Financial Analyst,Bengaluru,1/4/2024 14:01,,Active,56900,Mid,2.7,2.1,4.2,100,95,3.9,43.5,7,12,2,4,3,Yes,3.1,No
EMP10513,43,Female,Customer Support,Support Analyst,Chennai,10/14/2022 13:07,,Active,91200,Senior,3.9,2.7,3.3,99,98,3.6,37,8,10,1,6,3,Yes,5,No
EMP10514,28,Male,Customer Support,Support Manager,Pune,8/24/2025 6:16,,Active,57100,Mid,1,0.8,3.5,95,81,3.1,44.4,21,17,0,7,4,No,4.1,No
EMP10515,38,Male,IT,Software Engineer,Chennai,5/26/2021 9:12,,Active,99200,Senior,5.3,3.4,2.8,85,85,3.7,37.6,2,19,2,6,6,Yes,2.7,No
EMP10516,32,Male,IT,BI Developer,Chennai,9/18/2020 14:24,,Active,55200,Mid,5.9,4.4,1.8,81,83,3.9,40.9,12,7,2,2,4,Yes,3.6,No
EMP10517,33,Female,Sales,Account Manager,Bengaluru,2/3/2021 9:34,,Active,66800,Mid,5.6,3.2,3.4,92,84,4.5,45.1,12,12,2,11,6,No,2.5,No
EMP10518,33,Female,Marketing,Digital Marketing Executive,Mumbai,2/3/2022 22:44,,Active,55900,Mid,4.6,2.2,3.3,100,98,3.8,41.7,7,29,3,8,6,No,3.7,No
EMP10519,28,Male,Customer Support,Support Executive,Hyderabad,9/13/2022 15:30,,Active,54000,Mid,4,2.5,4.8,100,98,4.2,44.7,21,56,1,10,7,No,2.9,No
EMP10520,34,Male,IT,System Engineer,Delhi NCR,8/29/2024 8:34,,Active,55100,Mid,2,1.3,4,100,98,5,41.5,16,42,0,6,2,No,5,No
EMP10521,34,Female,HR,HR Manager,Mumbai,7/3/2020 23:05,,Active,48000,Mid,6.2,3.5,3.2,100,94,2.5,35.7,4,30,2,4,4,No,3.8,No
EMP10522,36,Male,Sales,Account Manager,Mumbai,4/20/2021 1:38,,Active,63100,Mid,5.4,4.2,3.6,100,93,4.5,38.2,4,44,2,4,3,Yes,3.9,No
EMP10523,35,Female,Customer Support,Support Analyst,Hyderabad,1/3/2019 12:03,,Active,51900,Mid,7.7,3.7,4.2,100,96,2.6,45.2,28,44,3,6,6,No,4.3,No
EMP10524,40,Female,Marketing,Marketing Analyst,Delhi NCR,6/16/2025 13:44,,Active,87500,Senior,1.2,0.7,3.9,100,98,2.8,41.6,6,24,0,5,11,Yes,4.3,No
EMP10525,40,Male,Marketing,Marketing Analyst,Bengaluru,1/25/2023 3:00,,Active,95300,Senior,3.6,2.8,4.8,100,86,3.4,48,31,32,1,4,9,Yes,2.9,No
EMP10526,27,Male,Finance,Finance Manager,Delhi NCR,5/1/2021 15:48,,Active,43100,Junior,5.3,3.4,2.9,96,90,2.8,41.3,8,42,3,9,4,Yes,3.6,No
EMP10527,40,Female,Finance,Accountant,Delhi NCR,2/11/2025 3:56,,Active,80000,Senior,1.5,1.2,4.2,100,92,2.7,37.9,1,44,0,10,7,Yes,3.1,No
EMP10528,26,Female,Sales,Sales Manager,Delhi NCR,3/29/2023 20:17,,Active,40200,Junior,3.4,2.4,3.2,100,98,3.3,41.9,16,44,1,7,4,Yes,5,No
EMP10529,38,Male,IT,Software Engineer,Bengaluru,6/18/2021 5:28,,Active,98000,Senior,5.2,4.6,3.6,100,96,3.1,44.1,13,14,2,5,7,No,1.7,No
EMP10530,38,Female,Customer Support,Support Manager,Hyderabad,1/12/2022 19:49,,Active,85500,Senior,4.6,3.3,3.1,100,98,2.8,35.7,1,44,2,8,2,Yes,3,No
EMP10531,21,Male,Marketing,Marketing Analyst,Bengaluru,1/15/2025 23:05,,Active,41600,Junior,1.6,0.7,3.4,83,89,2.5,44.6,30,54,1,4,2,No,3.4,No
EMP10532,35,Male,Customer Support,Support Analyst,Mumbai,4/15/2023 9:55,,Active,52000,Mid,3.4,2.1,3.7,100,89,4.7,40.2,27,49,1,5,4,No,3.6,No
EMP10533,31,Female,Customer Support,Support Manager,Pune,6/13/2022 17:26,,Active,62700,Mid,4.2,2.2,3.9,100,83,2.3,41.9,12,13,1,5,10,No,3.6,No
EMP10534,29,Female,HR,HR Analyst,Delhi NCR,12/16/2019 0:43,,Active,60900,Mid,6.7,5.8,3.5,100,90,3.2,42.4,5,9,3,5,9,No,3.5,No
EMP10535,43,Male,Marketing,Marketing Analyst,Mumbai,5/5/2020 0:09,,Active,94600,Senior,6.3,3.1,1.6,94,89,4.4,41.8,3,35,3,10,5,No,3.4,No
EMP10536,29,Female,Customer Support,Support Manager,Hyderabad,12/2/2025 19:56,,Active,64200,Mid,0.7,0.4,3.4,100,98,4.1,43.7,3,49,0,7,2,Yes,3.7,No
EMP10537,28,Male,Marketing,Digital Marketing Executive,Delhi NCR,10/31/2019 11:43,,Active,50500,Mid,6.8,3.8,4.6,100,90,3.6,41.4,6,31,3,6,4,No,3.9,No
EMP10538,35,Male,Sales,Account Manager,Pune,4/1/2021 6:34,,Active,61000,Mid,5.4,4.5,3.4,100,87,2.8,41.9,5,25,2,2,6,Yes,4.9,No
EMP10539,39,Male,Finance,Financial Analyst,Hyderabad,11/28/2019 3:42,,Active,100200,Senior,6.8,4,4.6,100,98,3.4,42.4,8,27,3,7,7,No,4.9,No
EMP10540,33,Female,IT,Software Engineer,Hyderabad,1/7/2020 8:17,,Active,44700,Mid,6.6,5.9,3.4,100,82,2.4,38.5,7,42,3,7,8,Yes,3.7,No
EMP10541,42,Male,Customer Support,Support Analyst,Delhi NCR,2/24/2023 9:42,,Active,96800,Senior,3.5,1.6,2.3,88,96,3.1,40.6,7,23,2,1,3,Yes,3.1,No
EMP10542,38,Male,Operations,Operations Executive,Bengaluru,9/16/2021 0:15,,Active,101200,Senior,5,2.5,3.2,100,98,3.1,35.9,16,35,2,5,9,No,3.2,No
EMP10543,21,Male,Sales,Sales Executive,Mumbai,4/2/2019 15:53,,Active,27600,Junior,7.4,4.1,3.1,89,74,3.2,42.4,12,26,3,5,3,Yes,2.4,No
EMP10544,30,Female,Operations,Operations Manager,Mumbai,4/29/2022 4:24,,Active,55300,Mid,4.3,3.5,3.3,93,96,,33.4,2,16,1,7,5,No,4.3,No
EMP10545,30,Female,Operations,Operations Executive,Hyderabad,5/14/2024 1:35,,Active,63600,Mid,2.3,1.9,2.6,87,80,1.9,43.2,9,14,1,11,4,No,3.5,No
EMP10546,37,Female,Sales,Sales Executive,Delhi NCR,5/25/2023 5:32,,Active,53800,Mid,3.3,1.6,3.5,100,98,4.5,45.4,10,35,1,7,6,No,3.8,No
EMP10547,21,Male,IT,System Engineer,Mumbai,4/12/2019 2:54,,Active,47600,Junior,7.4,3.4,3.3,100,98,4.3,41.5,2,3,3,9,5,No,3.8,No
EMP10548,52,Female,Operations,Operations Analyst,Bengaluru,1/26/2022 13:44,,Active,132400,Lead,4.6,3.6,4.5,100,78,4.2,45.3,29,35,3,5,8,Yes,2.9,No
EMP10549,38,Male,HR,HR Manager,Delhi NCR,4/14/2023 20:40,,Active,80300,Senior,3.4,1.7,2.6,90,94,3.7,45.9,23,26,1,4,4,No,2.8,No
EMP10550,35,Female,Marketing,Digital Marketing Executive,Mumbai,12/29/2020 5:32,,Active,54800,Mid,5.7,2.9,3.7,100,98,3.6,41.4,20,41,2,4,5,No,3.1,No
EMP10551,42,Female,HR,Recruiter,Hyderabad,9/17/2022 0:33,,Active,95400,Senior,4,1.8,3.8,100,98,2.8,37.9,9,36,1,1,6,No,3.9,No
EMP10552,50,Male,Customer Support,Support Manager,Bengaluru,3/27/2022 9:43,,Active,130100,Lead,4.4,2.1,4.1,100,80,2.9,40.9,9,29,2,5,6,No,3.4,No
EMP10553,40,Female,HR,HR Manager,Delhi NCR,2/7/2024 9:38,,Active,105500,Senior,2.6,1.5,3.2,100,87,4.7,40.8,22,13,1,5,8,No,2.1,No
EMP10554,41,Male,HR,HR Analyst,Chennai,2/9/2019 6:47,,Active,83800,Senior,7.6,3.6,3.7,100,98,4.9,41.6,11,14,3,5,3,No,2.7,No
EMP10555,35,Male,Customer Support,Support Executive,Bengaluru,7/26/2023 13:46,,Active,70200,Mid,3.1,1.9,3.8,84,89,3.2,44.6,32,19,1,4,3,No,3.3,No
EMP10556,33,Male,Finance,Finance Manager,Delhi NCR,9/7/2021 6:51,,Active,53600,Mid,5,4.1,2.3,99,98,3.4,40.1,10,40,2,6,2,No,3.5,No
EMP10557,31,Male,IT,Software Engineer,Bengaluru,10/28/2024 2:01,,Active,63500,Mid,1.8,1.1,3.3,96,98,4.1,39.6,11,53,0,7,5,No,3.9,No
EMP10558,28,Male,IT,Data Analyst,Hyderabad,12/31/2019 6:08,,Active,66200,Mid,6.7,5.2,3.5,100,78,3.5,36.6,16,33,3,4,6,Yes,3.5,No
EMP10559,29,Female,Operations,Operations Analyst,Delhi NCR,9/9/2025 19:08,,Active,39000,Mid,1,0.5,3.6,100,98,3.6,41.6,16,20,0,3,7,No,3.2,No
EMP10560,25,Male,Operations,Operations Executive,Mumbai,3/26/2025 1:41,,Active,44400,Junior,1.4,1,3.6,100,89,3.3,40,9,21,0,3,4,Yes,3.2,No
EMP10561,33,Female,Operations,Operations Analyst,Delhi NCR,3/24/2023 20:17,,Active,69700,Mid,3.4,2,3.8,100,92,2.6,41.1,16,22,2,6,3,No,3.7,No
EMP10562,22,Male,IT,Software Engineer,Chennai,10/9/2022 18:45,,Active,45700,Junior,3.9,3.1,5,100,98,3.1,43.8,16,43,1,9,8,No,3.8,No
EMP10563,35,Male,IT,System Engineer,Bengaluru,11/21/2019 9:07,,Active,74400,Mid,6.8,3.5,3.1,96,87,3.3,47.4,20,22,3,2,6,No,3.2,No
EMP10564,34,Female,IT,Software Engineer,Bengaluru,8/21/2020 3:35,,Active,66800,Mid,6,5.1,3.8,100,81,1.1,40.5,11,27,2,10,11,No,2.6,No
EMP10565,35,Male,Sales,Account Manager,Pune,9/19/2024 18:54,,Active,56200,Mid,1.9,1.1,4.5,100,94,3.5,41.8,7,47,0,9,11,No,3.4,No
EMP10566,30,Male,HR,HR Manager,Delhi NCR,2/2/2024 3:06,,Active,68700,Mid,2.6,1.6,2.2,93,85,5,40.8,1,20,1,4,7,Yes,3,No
EMP10567,56,Female,Sales,Sales Manager,Chennai,2/27/2021 2:01,,Active,120800,Lead,5.5,4.8,3.7,100,75,3,48,41,36,2,5,10,Yes,3.7,No
EMP10568,44,Male,Finance,Finance Manager,Hyderabad,11/7/2022 1:24,,Active,90600,Senior,3.8,2.7,2.2,100,92,3.4,40.2,20,41,1,3,4,No,4.7,No
EMP10569,25,Male,Customer Support,Support Analyst,Pune,1/5/2023 16:23,,Active,43800,Junior,3.7,2.3,5,100,98,2.6,39.9,18,29,1,7,7,Yes,2.4,No
EMP10570,36,Male,Sales,Account Manager,Delhi NCR,7/20/2023 15:24,,Active,63100,Mid,3.1,2.7,3.9,100,96,2.4,39.7,14,55,1,5,4,No,4.4,No
EMP10571,30,Female,Finance,Finance Manager,Hyderabad,12/6/2020 8:09,,Active,69500,Mid,5.7,3.4,3.8,100,98,3.1,36.3,16,51,2,5,8,Yes,3.9,No
EMP10572,27,Female,Marketing,Marketing Analyst,Chennai,9/30/2025 3:47,,Active,55400,Junior,0.9,0.4,2.1,85,94,4,43.5,29,32,0,6,8,No,4.4,No
EMP10573,25,Female,Sales,Account Manager,Delhi NCR,1/4/2023 22:24,,Active,30000,Junior,3.7,3.3,3.1,100,82,3.2,39.1,14,17,1,5,6,Yes,3.2,No
EMP10574,37,Female,Operations,Operations Analyst,Bengaluru,4/30/2020 19:36,,Active,57700,Mid,6.3,3.6,3.1,94,96,3.1,42.4,14,17,2,8,9,Yes,2.3,No
EMP10575,29,Male,Customer Support,Support Executive,Mumbai,8/20/2021 15:39,,Active,62200,Mid,5,4.2,4.8,100,94,3.8,36.9,23,31,2,6,3,Yes,3.6,No
EMP10576,41,Male,Customer Support,Support Analyst,Bengaluru,5/5/2020 22:59,,Active,86800,Senior,6.3,3.3,4,100,98,3.6,40.6,6,13,2,3,5,Yes,4.6,No
EMP10577,41,Female,IT,Software Engineer,Mumbai,4/6/2021 18:19,,Active,89500,Senior,5.4,4.2,2.3,88,96,3.7,39.9,4,32,3,11,2,Yes,2.7,No
EMP10578,44,Male,Customer Support,Support Executive,Mumbai,8/31/2021 7:30,,Active,95400,Senior,5,3.4,3.9,100,98,4.5,40,11,52,2,9,5,No,2.8,No
EMP10579,28,Male,Finance,Financial Analyst,Delhi NCR,11/13/2023 9:51,,Active,64500,Mid,2.8,2.5,2.4,100,92,4.4,43.2,6,29,1,5,10,Yes,4,No
EMP10580,37,Male,Sales,Sales Manager,Delhi NCR,1/21/2020 16:07,,Active,61700,Mid,6.6,4.6,2.3,100,98,4.7,40.5,20,28,2,2,8,Yes,3.1,No
EMP10581,38,Male,Finance,Finance Manager,Delhi NCR,6/9/2025 16:22,,Active,91000,Senior,1.2,0.6,3.8,100,94,2.3,42.9,17,40,0,10,2,No,4.8,No
EMP10582,31,Female,Customer Support,Support Analyst,Hyderabad,5/2/2021 1:49,,Active,58400,Mid,5.3,3.8,4.1,100,92,4.2,42,29,35,3,5,5,No,4,No
EMP10583,29,Male,Finance,Finance Manager,Bengaluru,12/4/2025 21:53,,Active,69800,Mid,0.7,0.4,3.8,100,98,4.9,46.1,16,12,0,6,4,No,2.9,No
EMP10584,45,Male,Sales,Sales Manager,Bengaluru,1/4/2021 11:30,,Active,101600,Senior,5.7,4.6,4.9,98,70,1.9,42.7,24,22,2,5,3,No,,No
EMP10585,36,Male,Operations,Operations Manager,Bengaluru,7/15/2025 7:01,,Active,67100,Mid,1.1,0.9,3.8,100,98,3.4,45.1,27,55,0,10,6,No,3.1,No
EMP10586,38,Female,Sales,Sales Manager,Delhi NCR,5/29/2023 17:33,,Active,82000,Senior,3.3,2.2,3.6,100,98,2.9,42.4,7,33,1,8,7,No,3.5,No
EMP10587,28,Male,IT,System Engineer,Bengaluru,9/23/2019 21:35,,Active,58200,Mid,6.9,5.5,2.6,97,83,3.4,43.9,8,14,4,8,4,Yes,3.7,No
EMP10588,25,Male,IT,System Engineer,Mumbai,6/1/2025 3:46,,Active,39400,Junior,1.2,0.6,4.1,100,97,4.4,41.1,6,25,1,8,4,No,3.7,No
EMP10589,30,Female,IT,Data Analyst,Mumbai,8/14/2019 7:49,,Active,53400,Mid,7,4.7,2.3,89,69,2.1,38,10,3,3,4,5,No,2.6,No
EMP10590,33,Female,IT,Software Engineer,Pune,10/26/2022 9:43,,Active,60600,Mid,3.8,2.4,5,100,98,3.6,42.6,12,3,1,7,8,No,4.2,No
EMP10591,27,Male,IT,BI Developer,Bengaluru,1/1/2021 18:19,,Active,38200,Junior,5.7,4.1,4.2,91,88,2.9,43.6,23,42,2,5,2,Yes,3.3,No
EMP10592,34,Male,Operations,Operations Analyst,Hyderabad,7/30/2023 13:12,,Active,67600,Mid,3.1,1.5,5,100,98,4.5,34.3,15,28,2,3,8,Yes,2.8,No
EMP10593,22,Male,IT,Data Analyst,Hyderabad,5/3/2025 5:23,,Active,34500,Junior,1.3,1,3.8,100,98,3.8,36.4,5,35,0,7,8,No,3.1,No
EMP10594,26,Male,Sales,Sales Executive,Pune,9/30/2025 6:25,,Active,46100,Junior,0.9,0.4,4.2,100,79,3.3,46.8,40,44,1,3,4,Yes,4.3,No
EMP10595,39,Male,Customer Support,Support Manager,Chennai,9/22/2021 23:12,,Active,83300,Senior,4.9,3.7,3.3,93,65,2.8,50.4,55,33,2,6,4,Yes,3.7,No
EMP10596,38,Male,Finance,Finance Manager,Bengaluru,6/6/2022 2:15,,Active,84300,Senior,4.2,1.9,3.5,100,98,5,39.9,1,38,1,9,7,No,3.7,No
EMP10597,31,Male,Operations,Operations Executive,Bengaluru,10/8/2024 1:07,,Active,57300,Mid,1.9,1.6,2.7,92,85,3.7,44.3,18,32,1,5,6,No,2.6,No
EMP10598,27,Male,IT,BI Developer,Chennai,9/26/2022 20:50,,Active,38300,Junior,3.9,2.1,2.4,100,82,2.1,41.1,7,46,2,3,8,No,3.6,No
EMP10599,27,Female,IT,BI Developer,Delhi NCR,3/12/2021 15:12,,Active,25000,Junior,5.5,3.8,3.6,100,98,2.7,41.1,8,53,2,5,1,No,4.3,No
EMP10600,31,Female,IT,Data Analyst,Delhi NCR,1/3/2022 7:24,,Active,63200,Mid,4.7,2.7,3.5,100,89,3.8,41.9,18,31,2,5,8,No,2.1,No
EMP10601,39,Female,IT,Software Engineer,Hyderabad,2/9/2019 5:55,,Active,102000,Senior,7.6,5.9,2.7,99,71,2.7,44.8,37,30,3,8,9,Yes,3.2,No
EMP10602,40,Male,Sales,Sales Manager,Hyderabad,5/20/2020 4:28,,Active,94600,Senior,6.3,3.7,2.8,99,93,2.9,42.5,12,32,2,11,4,No,4,No
EMP10603,31,Male,IT,System Engineer,Chennai,12/16/2022 1:25,,Active,58500,Mid,3.7,2.9,3.5,99,88,4.3,41.2,18,27,1,5,4,Yes,3.6,No
EMP10604,26,Female,IT,BI Developer,Chennai,5/31/2022 11:06,,Active,30400,Junior,4.3,2.5,2.7,86,97,4.2,44.2,9,22,1,3,2,No,2.7,No
EMP10605,36,Male,IT,Data Analyst,Hyderabad,3/15/2020 22:14,,Active,47300,Mid,6.5,5.1,3.8,100,95,2.9,39,12,43,2,5,4,No,3.8,No
EMP10606,28,Male,Finance,Financial Analyst,Mumbai,3/9/2019 22:55,,Active,48500,Mid,7.5,3.5,2.7,100,98,4.5,47,22,22,3,6,4,Yes,2.6,No
EMP10607,30,Female,IT,BI Developer,Pune,5/23/2024 8:16,,Active,59100,Mid,2.3,1.3,3.7,100,77,2.8,41.6,17,22,1,6,2,No,2.8,No
EMP10608,43,Female,Sales,Account Manager,Bengaluru,3/28/2021 10:52,,Active,104700,Senior,5.4,3.6,2.6,100,95,4.9,40.5,5,41,2,5,7,No,2.9,No
EMP10609,40,Female,Finance,Accountant,Bengaluru,11/17/2021 11:12,,Active,71000,Senior,4.8,2.3,2.6,100,98,3.9,39.6,9,42,2,4,7,No,4.7,No
EMP10610,35,Male,Operations,Operations Analyst,Chennai,5/16/2024 10:59,,Active,64900,Mid,2.3,1.2,1.7,82,82,3.7,42.3,10,61,1,7,4,Yes,2.2,No
EMP10611,25,Male,IT,System Engineer,Mumbai,6/24/2024 23:22,,Active,33300,Junior,2.2,1.9,3.4,100,90,3.1,41.2,17,45,1,4,6,Yes,2.2,No
EMP10612,35,Female,Marketing,Marketing Analyst,Bengaluru,5/11/2021 16:33,,Active,57700,Mid,5.3,4.7,4.6,100,84,2.9,39.9,9,40,2,3,7,Yes,3.7,No
EMP10613,41,Male,Operations,Operations Manager,Bengaluru,3/16/2021 5:39,,Active,83400,Senior,5.5,4.3,4.5,98,81,1.3,44,20,42,2,3,4,Yes,3.6,No
EMP10614,31,Female,IT,Data Analyst,Pune,2/8/2024 21:54,,Active,50400,Mid,2.6,1.5,3.7,100,88,3.1,43.3,3,26,2,8,5,No,3.1,No
EMP10615,43,Female,Customer Support,Support Manager,Delhi NCR,8/12/2024 19:18,,Active,90900,Senior,2.1,1.2,2,100,82,3.4,40.9,28,36,1,8,11,No,3.5,No
EMP10616,43,Female,Customer Support,Support Analyst,Hyderabad,9/11/2025 15:03,,Active,91800,Senior,1,0.7,4.1,100,95,1.8,44.2,17,37,1,4,8,No,2.6,No
EMP10617,46,Male,IT,Software Engineer,Bengaluru,4/19/2024 7:21,,Active,94700,Senior,2.4,1.2,3.7,100,91,4.1,45.6,20,20,1,4,6,Yes,3.6,No
EMP10618,36,Male,Sales,Sales Manager,Pune,2/25/2020 23:45,,Active,48200,Mid,6.5,5.7,3.2,89,92,3.3,36.6,8,27,2,10,0,Yes,3.7,No
EMP10619,38,Female,Marketing,Marketing Analyst,Pune,8/5/2025 15:20,,Active,96100,Senior,1.1,0.6,4.4,100,98,4.5,40.5,21,41,1,3,11,No,4.5,No
EMP10620,44,Female,Operations,Operations Executive,Mumbai,12/21/2025 17:18,,Active,96200,Senior,0.7,0.6,4,99,89,2.8,44.4,11,28,0,8,7,No,5,No
EMP10621,37,Female,IT,Data Analyst,Mumbai,7/11/2022 1:10,,Active,63000,Mid,4.1,2.8,5,100,98,4.5,42.4,12,37,2,8,7,Yes,3.3,No
EMP10622,30,Male,IT,System Engineer,Bengaluru,4/29/2019 16:32,,Active,57100,Mid,7.3,5.8,2.4,89,91,3,45,6,41,3,9,3,No,2.5,No
EMP10623,31,Male,Sales,Account Manager,Chennai,1/10/2024 19:51,,Active,62200,Mid,2.6,1.2,2.5,95,93,3.4,40.3,6,40,1,4,7,Yes,3.8,No
EMP10624,36,Female,Finance,Finance Manager,Hyderabad,12/27/2019 16:37,,Active,58900,Mid,6.7,5.7,2.6,100,98,3.6,39.4,6,52,3,4,6,No,3.4,No
EMP10625,25,Female,Operations,Operations Manager,Chennai,4/19/2025 6:20,,Active,44800,Junior,1.4,0.8,3.3,86,70,3.4,44.8,11,20,0,3,1,Yes,3.4,No
EMP10626,33,Female,Sales,Sales Manager,Mumbai,4/27/2025 5:30,,Active,57400,Mid,1.3,1,4.7,100,98,3.7,38.7,6,51,1,2,6,No,2.2,No
EMP10627,42,Male,Finance,Accountant,Pune,11/13/2020 16:20,,Active,90800,Senior,5.8,4.7,3,90,74,1.7,40.9,12,35,2,4,4,No,3.6,No
EMP10628,21,Female,Operations,Operations Analyst,Pune,4/26/2025 12:25,,Active,25800,Junior,1.3,0.7,3,97,96,3.3,42.8,11,40,0,13,3,No,3.8,No
EMP10629,45,Female,IT,System Engineer,Hyderabad,2/1/2024 18:21,,Active,92100,Senior,2.6,1.7,3.8,97,98,3.3,45.3,29,38,1,6,5,Yes,4.3,No
EMP10630,42,Female,Sales,Sales Executive,Chennai,6/30/2019 3:40,,Active,84800,Senior,7.2,4.8,4.1,100,76,1.6,39.3,10,37,3,3,6,No,3.1,No
EMP10631,31,Male,Operations,Operations Analyst,Mumbai,7/13/2023 12:13,,Active,63600,Mid,3.1,1.8,1.8,91,96,4,41.9,10,19,1,8,5,Yes,2.8,No
EMP10632,38,Male,Customer Support,Support Analyst,Bengaluru,2/16/2020 12:55,,Active,95500,Senior,6.5,4.3,4.3,100,93,2.6,40.9,13,39,3,8,6,No,3.1,No
EMP10633,34,Female,Finance,Accountant,Hyderabad,1/31/2019 16:53,,Active,55700,Mid,7.6,4.5,3,93,88,4.2,37.2,11,8,3,7,0,No,4.2,No
EMP10634,43,Male,HR,Recruiter,Hyderabad,5/22/2019 21:41,,Active,90200,Senior,7.3,4.5,3.4,100,98,3.5,40.2,11,57,3,5,0,Yes,4.6,No
EMP10635,41,Male,IT,Software Engineer,Delhi NCR,6/8/2019 11:30,,Active,91200,Senior,7.2,5.4,4.6,100,98,2.9,38.2,18,33,3,5,10,No,4.4,No
EMP10636,24,Female,Finance,Accountant,Bengaluru,12/12/2020 18:57,,Active,40600,Junior,5.7,4.2,3.3,100,98,4.3,40,13,44,2,3,6,No,4,No
EMP10637,38,Male,HR,HR Analyst,Delhi NCR,11/8/2025 5:38,,Active,95500,Senior,0.8,0.4,2.4,96,97,4.9,38.1,9,38,0,9,6,Yes,3.5,No
EMP10638,33,Female,Sales,Account Manager,Mumbai,8/22/2021 6:20,,Active,64600,Mid,5,4.3,2.4,85,96,3.4,43.8,15,29,3,6,1,Yes,3.6,No
EMP10639,35,Male,Sales,Account Manager,Delhi NCR,5/6/2019 21:24,,Active,57300,Mid,7.3,6.1,3.5,98,97,4.6,43,18,20,3,11,7,No,3.7,No
EMP10640,29,Female,Sales,Sales Executive,Hyderabad,1/30/2025 6:03,,Active,71200,Mid,1.6,1.1,3.2,100,95,3.2,44.5,5,18,0,5,5,No,3.3,No
EMP10641,46,Female,IT,Software Engineer,Hyderabad,8/21/2020 6:19,,Active,95300,Senior,6,3.9,3.5,100,98,4.3,38.7,8,39,2,7,6,Yes,4.2,No
EMP10642,41,Male,Sales,Sales Executive,Bengaluru,4/2/2022 4:53,,Active,99800,Senior,4.4,2.7,3.2,85,87,3.1,40.7,3,38,3,4,6,Yes,2.2,No
EMP10643,29,Male,IT,Data Analyst,Mumbai,11/30/2019 22:03,,Active,62400,Mid,6.8,5.2,4.4,100,98,5,38,6,36,3,5,7,Yes,2.3,No
EMP10644,25,Male,Sales,Sales Manager,Mumbai,6/19/2024 20:37,,Active,40800,Junior,2.2,1.7,3.5,100,82,4.4,41.4,24,26,2,7,2,Yes,2.2,No
EMP10645,31,Male,IT,System Engineer,Bengaluru,4/16/2021 3:17,,Active,59200,Mid,5.4,2.9,2.2,82,64,3.8,43.9,39,34,2,12,3,Yes,2.9,No
EMP10646,37,Female,Customer Support,Support Manager,Pune,3/20/2020 11:24,,Active,56900,Mid,6.4,4.8,4.1,97,91,1.1,46.1,9,22,2,8,5,No,4.6,No
EMP10647,36,Female,HR,HR Manager,Chennai,12/23/2020 11:53,,Active,66800,Mid,5.7,3.2,4.9,100,92,3.8,41.7,6,18,3,6,6,Yes,2.5,No
EMP10648,43,Male,Operations,Operations Manager,Mumbai,12/27/2025 10:06,,Active,91900,Senior,0.7,0.3,3.6,99,81,2.3,42.4,22,24,1,10,3,Yes,2.6,No
EMP10649,40,Male,Marketing,Digital Marketing Executive,Pune,7/6/2021 3:21,,Active,89100,Senior,5.2,4,3.7,99,79,3.7,44.4,14,25,2,2,6,No,2.8,No
EMP10650,41,Male,Finance,Finance Manager,Chennai,6/7/2022 13:48,,Active,82800,Senior,4.2,3.1,2.9,100,98,4.5,45.2,28,48,1,10,6,Yes,4.4,No
EMP10651,36,Female,IT,Data Analyst,Pune,12/30/2020 7:55,,Active,70900,Mid,5.7,3.6,3.3,87,75,4,40.9,8,9,3,4,4,No,4.6,No
EMP10652,24,Male,HR,Recruiter,Bengaluru,4/2/2021 1:31,,Active,38800,Junior,5.4,3.7,3.9,93,98,4.2,43.1,11,28,3,4,6,Yes,4.3,No
EMP10653,33,Female,HR,HR Manager,Chennai,7/7/2022 14:31,,Active,51400,Mid,4.2,3.7,4.3,100,98,3.1,39.9,5,37,1,5,7,No,4.4,No
EMP10654,41,Female,Operations,Operations Analyst,Mumbai,9/8/2023 4:31,,Active,90600,Senior,3,2.2,3.8,100,98,2,49,12,56,1,4,9,No,4.8,No
EMP10655,34,Female,Finance,Accountant,Mumbai,2/18/2025 21:14,,Active,58600,Mid,1.5,1.1,4.9,100,98,2.7,44.2,9,19,0,3,3,Yes,2.1,No
EMP10656,38,Male,IT,System Engineer,Bengaluru,10/15/2022 15:18,,Active,88300,Senior,3.9,1.9,3.6,90,75,3.1,41.5,20,12,1,7,4,No,2.5,No
EMP10657,32,Female,Sales,Account Manager,Delhi NCR,6/6/2023 14:45,,Active,64000,Mid,3.2,1.7,2.7,86,98,3.4,43.6,14,38,1,11,2,No,2.9,No
EMP10658,27,Male,Sales,Sales Manager,Bengaluru,2/29/2024 13:22,11/7/2024 13:22,Exited,36600,Junior,2.5,1.5,2.7,89,75,4.5,47.6,50,30,1,5,5,Yes,3.6,Yes
EMP10659,33,Male,Operations,Operations Executive,Mumbai,5/31/2019 8:54,,Active,57900,Mid,7.3,5.1,4.4,100,98,4.1,41.3,5,25,4,1,5,No,3.6,No
EMP10660,36,Female,HR,HR Analyst,Mumbai,10/18/2022 22:23,,Active,69500,Mid,3.9,3.1,4.3,100,98,5,47,46,34,1,6,7,No,3.6,No
EMP10661,29,Female,Sales,Account Manager,Pune,7/3/2024 14:07,,Active,47800,Mid,2.2,1.3,2.3,93,86,2.5,40.3,19,40,1,5,4,No,4.2,No
EMP10662,32,Male,Customer Support,Support Executive,Pune,2/18/2022 21:50,,Active,,Mid,4.5,2.7,3.3,100,90,4.4,39.9,8,38,2,6,4,Yes,2,No
EMP10663,27,Male,Operations,Operations Executive,Mumbai,4/17/2023 0:11,,Active,44500,Junior,3.4,1.9,3.4,100,98,4.2,45,7,32,1,5,5,No,3.4,No
EMP10664,42,Male,Sales,Sales Manager,Pune,7/28/2022 21:21,,Active,94400,Senior,4.1,2.3,2.9,99,83,3.3,44.5,32,46,1,5,3,No,3.7,No
EMP10665,32,Male,IT,Data Analyst,Pune,7/13/2019 7:31,,Active,67100,Mid,7.1,6.2,2.4,82,74,2.5,41.2,24,31,3,8,7,Yes,3.2,No
EMP10666,44,Male,IT,Software Engineer,Pune,6/3/2023 12:16,,Active,104200,Senior,3.2,2.4,2.9,97,91,2.8,42.8,25,29,1,6,7,No,3.7,No
EMP10667,45,Male,Sales,Account Manager,Bengaluru,11/23/2021 2:53,,Active,101900,Senior,4.8,2.5,2.8,100,98,2.8,40.4,14,38,2,12,6,No,4.3,No
EMP10668,33,Male,IT,Software Engineer,Hyderabad,3/7/2025 16:40,,Active,51900,Mid,1.5,1.2,2.5,71,88,4.9,45.2,24,10,1,7,4,No,3.5,No
EMP10669,27,Female,IT,System Engineer,Chennai,8/10/2025 7:56,,Active,26700,Junior,1.1,0.9,4.1,100,98,4.1,40.7,17,37,0,5,7,No,5,No
EMP10670,21,Female,Sales,Sales Executive,Hyderabad,8/16/2020 10:51,,Active,40300,Junior,6,4.5,3.7,97,98,4.2,42.2,17,24,3,7,2,No,4.3,No
EMP10671,24,Female,IT,Data Analyst,Mumbai,8/20/2025 0:49,,Active,28500,Junior,1,0.5,3.2,93,92,3.5,38.8,4,9,0,3,5,No,3.7,No
EMP10672,24,Male,Customer Support,Support Executive,Delhi NCR,12/15/2021 11:24,,Active,25000,Junior,4.7,3,1.9,100,89,3.2,46.1,5,34,3,11,4,No,3.9,No
EMP10673,44,Female,IT,BI Developer,Hyderabad,10/4/2024 1:25,,Active,92200,Senior,1.9,0.9,3.3,100,86,3.7,42.3,6,22,0,4,11,Yes,4.1,No
EMP10674,35,Female,HR,HR Manager,Delhi NCR,7/3/2022 15:53,,Active,64000,Mid,4.2,3.4,3.9,100,92,3.5,42.1,5,5,1,7,5,No,4.8,No
EMP10675,37,Female,Finance,Financial Analyst,Bengaluru,11/20/2022 2:56,,Active,72000,Mid,3.8,2.8,2.9,83,95,3.3,41.9,1,16,2,5,3,Yes,4.4,No
EMP10676,21,Female,Customer Support,Support Analyst,Mumbai,10/4/2019 8:25,,Active,43400,Junior,6.9,4.7,2.6,94,98,3.7,39.8,6,52,3,7,3,Yes,3.9,No
EMP10677,26,Female,IT,BI Developer,Pune,1/13/2022 11:08,,Active,51400,Junior,4.6,2.8,3.4,100,76,2.4,45.7,15,20,2,6,2,No,2.9,No
EMP10678,40,Male,Sales,Sales Executive,Pune,6/24/2021 15:17,,Active,92500,Senior,5.2,2.8,3.8,100,87,3.6,43.6,30,33,2,6,7,No,3.8,No
EMP10679,36,Male,Customer Support,Support Analyst,Bengaluru,6/13/2021 20:51,,Active,52000,Mid,5.2,2.6,2,83,77,3.3,45.7,10,13,2,3,4,No,4,No
EMP10680,33,Female,Customer Support,Support Manager,Chennai,1/7/2020 10:41,,Active,65800,Mid,6.6,5.8,4.5,100,86,2.8,40.7,12,57,2,5,4,No,4.1,No
EMP10681,38,Female,Marketing,Digital Marketing Executive,Mumbai,3/13/2023 7:12,,Active,99300,Senior,3.5,1.9,2.6,100,98,4,43.5,14,29,1,3,6,No,2.9,No
EMP10682,45,Female,Sales,Account Manager,Hyderabad,3/18/2024 16:40,,Active,92700,Senior,2.5,1.2,3.2,99,98,5,40.9,4,18,2,4,2,No,4.1,No
EMP10683,32,Male,IT,Software Engineer,Pune,7/28/2019 23:58,,Active,70200,Mid,7.1,6.3,4.4,100,98,4.6,41,3,40,3,5,8,No,4.1,No
EMP10684,34,Male,Operations,Operations Executive,Pune,10/30/2020 20:31,,Active,59100,Mid,5.8,4,3.6,92,77,3.1,38.4,21,57,2,7,4,No,2.5,No
EMP10685,35,Male,Customer Support,Support Manager,Chennai,10/8/2020 17:47,,Active,63800,Mid,5.9,4.8,4.3,100,98,4,39.4,15,22,2,6,6,No,2.5,No
EMP10686,51,Female,HR,HR Manager,Mumbai,1/5/2024 2:53,,Active,123800,Lead,2.7,1.3,4.7,100,98,4.2,44.3,4,18,1,13,10,Yes,4.4,No
EMP10687,21,Female,HR,HR Manager,Pune,12/27/2019 9:40,,Active,54700,Junior,6.7,4.7,2.4,96,94,3.5,41,34,60,3,6,4,No,2.8,No
EMP10688,39,Male,Sales,Sales Executive,Bengaluru,12/8/2024 23:28,,Active,95900,Senior,1.7,1.1,4.2,100,98,3.4,43.9,13,26,0,8,5,No,4.7,No
EMP10689,33,Male,Marketing,Marketing Manager,Hyderabad,5/7/2022 19:10,,Active,52200,Mid,4.3,3.4,4.5,100,94,3.7,47.4,7,25,2,10,7,No,3.3,No
EMP10690,38,Male,IT,Software Engineer,Hyderabad,1/3/2023 4:42,,Active,103000,Senior,3.7,1.7,3.2,97,98,5,42.5,9,3,1,5,1,No,3.8,No
EMP10691,29,Female,Sales,Sales Manager,Hyderabad,6/7/2024 22:50,,Active,54900,Mid,2.2,1.4,3.3,100,90,3.6,46.8,12,28,1,7,6,No,3.8,No
EMP10692,34,Female,Finance,Accountant,Mumbai,9/12/2025 15:52,,Active,60100,Mid,1,0.8,2.1,88,72,2.3,47.1,43,9,0,5,5,No,2.9,No
EMP10693,39,Female,Finance,Financial Analyst,Pune,1/15/2019 19:22,,Active,93300,Senior,7.6,5.2,4.1,100,84,2.5,43,19,20,3,5,6,No,4.6,No
EMP10694,56,Male,Sales,Account Manager,Bengaluru,4/27/2022 11:35,,Active,128800,Lead,4.3,3,1.6,87,69,3.2,46.2,42,3,1,5,6,No,3.3,No
EMP10695,40,Female,IT,Software Engineer,Bengaluru,7/29/2021 18:16,,Active,93400,Senior,5.1,2.5,4.2,100,98,2.3,42.6,24,45,2,7,8,No,3.5,No
EMP10696,28,Male,Operations,Operations Executive,Hyderabad,4/23/2021 11:18,,Active,52100,Mid,5.4,2.8,2.4,95,85,3.3,42,20,7,3,3,5,Yes,1.9,No
EMP10697,31,Female,Sales,Sales Executive,Delhi NCR,8/29/2025 10:46,,Active,63400,Mid,1,0.8,4.5,100,98,5,38.8,1,3,0,5,7,No,2.4,No
EMP10698,31,Male,HR,HR Manager,Pune,11/7/2020 7:55,,Active,67700,Mid,5.8,4.4,3.8,100,98,2.9,42.4,11,15,2,5,6,Yes,4.4,No
EMP10699,21,Male,IT,System Engineer,Mumbai,5/1/2023 19:12,,Active,45500,Junior,3.3,2.9,4.3,100,97,2.4,46,4,45,2,5,6,No,3.5,No
EMP10700,32,Female,Finance,Finance Manager,Bengaluru,5/2/2021 1:00,,Active,50900,Mid,5.3,4.1,2.9,88,98,3.2,44.3,6,22,3,5,6,No,3,No
EMP10701,39,Female,HR,HR Analyst,Pune,8/4/2024 3:50,,Active,85400,Senior,2.1,1.4,2.5,100,82,3.3,42.4,15,24,0,11,4,Yes,3,No
EMP10702,25,Male,it,System Engineer,Delhi NCR,9/17/2022 7:13,,Active,30700,Junior,4,3.3,2.2,89,78,2.5,42.8,10,35,1,7,3,Yes,3.9,No
EMP10703,41,Female,Sales,Account Manager,Bengaluru,5/24/2024 1:51,,Active,92400,Senior,2.3,1.1,4.3,100,91,2.3,42.4,21,26,1,5,6,No,4.5,No
EMP10704,37,Male,IT,BI Developer,Hyderabad,3/2/2021 0:57,,Active,49100,Mid,5.5,3.6,4,100,91,4.6,44.6,8,45,2,3,9,No,3.1,No
EMP10705,29,Male,IT,Data Analyst,Delhi NCR,2/5/2019 15:14,,Active,52100,Mid,7.6,4.4,4,100,98,3.9,36.9,8,25,4,9,6,No,4.4,No
EMP10706,33,Male,Customer Support,Support Manager,Hyderabad,12/24/2021 8:45,,Active,55300,Mid,4.7,2.3,3.7,96,89,3,47.8,24,25,2,3,2,No,3.4,No
EMP10707,45,Male,Sales,Sales Executive,Delhi NCR,11/23/2024 14:14,,Active,77400,Senior,1.8,1.4,3.9,100,98,2.4,40.4,14,60,0,10,7,No,3.9,No
EMP10708,39,Male,Marketing,Digital Marketing Executive,Pune,5/18/2024 19:36,,Active,89800,Senior,2.3,1.6,3.3,100,88,2.9,40.2,9,29,1,6,6,No,2.1,No
EMP10709,34,Male,Sales,Sales Manager,Pune,4/9/2025 16:06,,Active,45300,Mid,1.4,1,3.8,98,81,2.3,39.8,23,31,1,6,5,Yes,2.2,No
EMP10710,32,Male,Operations,Operations Analyst,Hyderabad,10/31/2020 18:27,,Active,63400,Mid,5.8,3.7,2.9,93,90,2.9,42.6,18,25,2,3,5,Yes,4.2,No
EMP10711,35,Female,Marketing,Marketing Manager,Bengaluru,8/20/2021 9:01,,Active,57200,Mid,5,3.3,3.2,93,93,5,43.9,45,3,2,1,3,Yes,3.7,No
EMP10712,30,Male,HR,HR Manager,Pune,2/24/2024 1:10,,Active,55600,Mid,2.5,1.3,5,100,98,3.6,45.2,18,40,1,3,8,Yes,3.8,No
EMP10713,21,Female,Finance,Finance Manager,Hyderabad,11/23/2025 12:26,,Active,34800,Junior,0.8,0.6,3.5,100,98,2.8,45.2,28,51,0,7,7,No,2.6,No
EMP10714,48,Male,Finance,Finance Manager,Hyderabad,3/24/2021 16:31,,Active,124600,Lead,5.4,3.5,2,84,67,4,42.4,33,46,2,12,7,No,3.2,No
EMP10715,35,Female,Sales,Sales Executive,Mumbai,8/25/2025 8:13,,Active,64200,Mid,1,0.8,3.2,100,95,2.6,38.6,6,20,0,8,3,No,2.2,No
EMP10716,37,Male,Customer Support,Support Analyst,Pune,3/13/2025 19:56,,Active,69200,Mid,1.5,0.8,2.7,95,83,3,43.1,38,26,0,5,5,No,2.8,No
EMP10717,34,Male,Marketing,Marketing Analyst,Hyderabad,5/16/2019 1:11,,Active,67100,Mid,7.3,4,3.6,100,98,1.7,39.1,12,33,4,8,6,No,3.5,No
EMP10718,29,Male,Customer Support,Support Executive,Bengaluru,10/18/2019 21:44,,Active,75600,Mid,6.9,5.1,2.8,99,90,4.5,41.9,21,32,3,6,5,No,3.8,No
EMP10719,33,Male,IT,Data Analyst,Mumbai,11/6/2019 16:37,,Active,64700,Mid,6.8,5.6,3.3,90,83,3.2,41.8,31,38,3,5,5,No,2.9,No
EMP10720,23,Male,Operations,Operations Executive,Chennai,1/20/2025 16:08,,Active,39000,Junior,1.6,1.1,2.9,90,87,2.7,46.3,27,31,0,7,4,No,3.9,No
EMP10721,50,Female,Customer Support,Support Manager,Bengaluru,5/8/2023 17:43,,Active,121800,Lead,3.3,2.6,3.6,98,77,4,40,10,23,1,7,5,Yes,3.5,No
EMP10722,25,Female,IT,BI Developer,Chennai,9/22/2024 5:52,4/7/2025 5:52,Exited,35000,Junior,1.9,1.7,3,95,64,2.5,43.7,18,30,0,6,5,No,3.3,Yes
EMP10723,27,Female,IT,BI Developer,Hyderabad,11/17/2019 22:45,,Active,41800,Junior,6.8,6.1,3.8,100,98,2.5,42.3,7,42,3,4,5,No,3.6,No
EMP10724,31,Female,Operations,Operations Executive,Hyderabad,12/12/2019 14:24,,Active,53000,Mid,6.7,5.3,5,100,98,3.1,36.1,6,69,3,9,6,Yes,5,No
EMP10725,43,Male,HR,HR Manager,Mumbai,5/5/2023 20:59,,Active,91600,Senior,3.3,2.6,2.6,98,73,2.3,43.7,15,21,1,4,6,No,3.4,No
EMP10726,34,Male,Marketing,Digital Marketing Executive,Mumbai,11/5/2021 10:01,,Active,59900,Mid,4.8,2.7,4,100,98,2.8,37.9,17,31,2,8,7,Yes,4.3,No
EMP10727,25,Male,IT,System Engineer,Chennai,11/5/2023 4:32,,Active,32900,Junior,2.8,2.3,1.7,99,75,3.2,38.8,7,23,1,7,3,No,3.9,No
EMP10728,43,Male,Marketing,Marketing Manager,Mumbai,6/22/2024 0:52,,Active,82600,Senior,2.2,1.4,3.3,100,89,3.3,46.4,38,32,2,5,11,No,3.3,No
EMP10729,39,Male,IT,BI Developer,Pune,7/25/2024 21:33,,Active,107700,Senior,2.1,1.9,3.7,89,80,2.2,42.4,17,42,0,3,2,No,2.3,No
EMP10730,38,Male,IT,Data Analyst,Mumbai,12/11/2024 17:59,,Active,80200,Senior,1.7,0.8,2.9,100,81,3.2,40.6,12,25,0,4,4,Yes,3,No
EMP10731,39,Male,IT,Software Engineer,Bengaluru,12/29/2021 17:43,,Active,89500,Senior,4.7,3,2.2,93,92,3.9,36.2,5,3,2,8,5,No,3.6,No
EMP10732,51,Male,Marketing,Marketing Analyst,Bengaluru,10/9/2024 15:05,,Active,133600,Lead,1.9,1.3,3.5,100,90,4.1,43.5,9,42,1,12,3,No,3.4,No
EMP10733,49,Female,Operations,Operations Analyst,Delhi NCR,10/21/2025 23:56,,Active,128700,Lead,0.9,0.6,4.6,100,98,3,42.3,10,30,0,6,5,Yes,4.5,No
EMP10734,29,Female,HR,HR Analyst,Chennai,3/3/2021 16:10,,Active,56700,Mid,5.5,3,3.4,98,89,3.2,39.4,12,23,2,7,6,Yes,2.9,No
EMP10735,45,Male,Sales,Account Manager,Mumbai,4/15/2022 7:41,,Active,81700,Senior,4.4,3.2,3.9,100,92,3.2,39.3,14,20,2,8,4,Yes,3.4,No
EMP10736,37,Female,Customer Support,Support Analyst,Mumbai,6/23/2019 16:12,,Active,60900,Mid,7.2,5.7,4.3,100,94,2.1,45.7,25,32,3,6,9,No,3.9,No
EMP10737,37,Female,Sales,Sales Manager,Mumbai,5/31/2019 23:38,6/8/2025 23:38,Exited,41500,Mid,7.3,5.4,5,100,98,2.9,42,10,18,4,9,4,Yes,3.3,Yes
EMP10738,22,Male,Marketing,Marketing Analyst,Delhi NCR,11/7/2022 6:43,,Active,39200,Junior,3.8,2.1,2.7,85,92,4.1,37.5,7,20,1,9,5,No,4.3,No
EMP10739,33,Male,Finance,Finance Manager,Delhi NCR,3/19/2023 5:35,,Active,60200,Mid,3.5,2.7,2.8,100,97,4.1,38.5,3,11,1,4,8,No,2.6,No
EMP10740,28,Male,Sales,Sales Executive,Pune,1/27/2020 3:00,,Active,67500,Mid,6.6,3.7,3.3,99,88,3.8,49,33,18,2,8,5,No,2.3,No
EMP10741,40,Female,Finance,Accountant,Delhi NCR,8/3/2019 1:22,,Active,82000,Senior,7.1,3.8,4,100,97,1,44.9,19,37,3,6,3,No,3.3,No
EMP10742,41,Female,Sales,Account Manager,Delhi NCR,10/27/2019 23:03,,Active,87700,Senior,6.8,5.2,1.8,92,81,2.7,40,0,9,4,8,4,No,3.4,No
EMP10743,21,Male,Operations,Operations Executive,Bengaluru,9/15/2024 1:16,,Active,41100,Junior,2,1.7,4,100,98,3.8,41.9,15,44,1,5,5,Yes,3.7,No
EMP10744,34,Male,Finance,Financial Analyst,Chennai,2/21/2021 7:11,,Active,61400,Mid,5.5,3.7,3.6,97,94,4.9,39.1,36,11,2,5,3,No,3.6,No
EMP10745,42,Male,Sales,Account Manager,Mumbai,11/2/2019 13:30,,Active,80600,Senior,6.8,4.7,3.1,95,95,3.4,44.8,12,30,3,4,5,Yes,3.2,No
EMP10746,33,Male,Customer Support,Support Executive,Bengaluru,7/30/2024 10:28,,Active,55500,Mid,2.1,1.2,3.8,100,73,3.5,41.1,18,35,1,7,8,No,2.3,No
EMP10747,39,Male,Sales,Sales Manager,Hyderabad,1/6/2024 22:28,,Active,99800,Senior,2.7,1.8,4.2,100,98,3.3,38.6,5,40,2,9,8,No,3.4,No
EMP10748,36,Female,HR,HR Analyst,Hyderabad,10/12/2022 7:24,,Active,61800,Mid,3.9,2,4.3,100,98,2.2,42.2,3,40,2,7,4,Yes,2.7,No
EMP10749,36,Female,Customer Support,Support Manager,Mumbai,6/15/2024 8:29,,Active,48400,Mid,2.2,1.9,3.5,100,98,3.7,40.7,18,27,2,8,8,No,3.6,No
EMP10750,32,Female,Operations,Operations Analyst,Delhi NCR,12/3/2020 20:28,,Active,66200,Mid,5.7,4.6,3.7,100,80,2,37.3,15,26,2,5,6,Yes,2.6,No
EMP10751,25,Female,IT,BI Developer,Pune,9/30/2024 19:00,,Active,26800,Junior,1.9,1.4,3.7,100,98,3.3,44.8,30,36,0,7,5,No,3.8,No
EMP10752,26,Female,Customer Support,Support Analyst,Bengaluru,1/7/2025 16:22,,Active,35900,Junior,1.6,1.1,4.4,100,98,3.5,37.8,13,32,0,8,4,No,4.8,No
EMP10753,39,Male,Operations,Operations Manager,Pune,11/24/2019 19:53,,Active,93900,Senior,6.8,5.5,3.8,100,95,3.4,41.7,15,23,3,4,6,Yes,2.9,No
EMP10754,34,Female,Sales,Account Manager,Hyderabad,3/11/2022 12:21,,Active,68500,Mid,4.5,3,4,97,80,2.2,42.4,13,33,2,4,5,No,2.5,No
EMP10755,33,Male,IT,Software Engineer,Mumbai,5/14/2021 1:39,,Active,43600,Mid,5.3,3.1,4.2,93,87,2.8,43.3,32,26,2,7,7,No,4.4,No
EMP10756,31,Female,Marketing,Marketing Manager,Delhi NCR,6/7/2023 9:27,,Active,65000,Mid,3.2,1.7,5,100,98,4,42.9,29,20,1,3,6,Yes,4.9,No
EMP10757,32,Male,Operations,Operations Analyst,Mumbai,2/11/2023 0:02,,Active,66000,Mid,3.6,2.7,3.1,100,81,3.5,45.5,13,23,1,2,9,Yes,2.5,No
EMP10758,41,Female,HR,HR Analyst,Pune,10/6/2020 16:41,,Active,86100,Senior,5.9,5.1,4.7,100,91,2.8,45.9,16,35,2,5,6,Yes,3.4,No
EMP10759,32,Male,Customer Support,Support Executive,Delhi NCR,1/27/2019 1:22,,Active,60600,Mid,7.6,3.9,5,100,98,2.4,38.7,8,15,3,7,5,Yes,,No
EMP10760,25,Male,Marketing,Marketing Analyst,Mumbai,3/27/2024 3:26,,Active,25000,Junior,2.4,1.3,3.1,100,98,4.1,39.8,10,43,1,7,4,No,3.3,No
EMP10761,39,Male,IT,Data Analyst,Hyderabad,2/25/2019 11:07,,Active,70800,Senior,7.5,4.8,3.3,100,78,3.4,39.3,5,20,4,5,7,No,2.1,No
EMP10762,33,Male,Sales,Account Manager,Chennai,7/18/2021 17:12,,Active,67800,Mid,5.1,4.1,3.2,92,95,2.4,42.8,23,3,3,9,5,Yes,2.4,No
EMP10763,34,Female,Sales,Sales Executive,Delhi NCR,11/13/2023 22:47,,Active,56200,Mid,2.8,1.6,4,100,87,3.2,41.2,11,36,1,4,6,Yes,2.5,No
EMP10764,45,Female,Operations,Operations Executive,Chennai,3/19/2019 13:44,,Active,87600,Senior,7.5,4.2,2.1,73,63,2.7,48.4,33,3,3,7,2,No,2.7,No
EMP10765,34,Male,IT,Software Engineer,Mumbai,11/4/2022 3:39,,Active,61600,Mid,3.8,2.8,3.1,100,98,3.7,40.9,11,14,2,9,7,No,3.6,No
EMP10766,36,Male,HR,Recruiter,Bengaluru,7/13/2023 16:03,,Active,57400,Mid,3.1,2.1,3.3,100,98,4.5,38,5,62,2,4,2,Yes,4.4,No
EMP10767,26,Male,Marketing,Marketing Manager,Bengaluru,1/8/2024 5:37,,Active,34800,Junior,2.6,1.2,3.2,100,96,2.4,39.9,11,43,1,7,7,No,2.4,No
EMP10768,32,Male,Customer Support,Support Manager,Mumbai,6/21/2021 18:42,,Active,62800,Mid,5.2,2.5,3.2,96,89,3.5,41.9,8,42,2,4,3,No,2.9,No
EMP10769,38,Male,Sales,Account Manager,Bengaluru,9/19/2021 16:27,,Active,79500,Senior,4.9,3.6,3.1,88,82,3.5,43.9,36,12,2,9,6,No,2.6,No
EMP10770,23,Female,Marketing,Marketing Manager,Bengaluru,11/17/2024 10:41,,Active,46100,Junior,1.8,1.2,4.1,100,98,1.5,43.5,22,25,0,5,8,Yes,3.7,No
EMP10771,35,Male,IT,Data Analyst,Chennai,3/14/2023 13:42,,Active,58400,Mid,3.5,3.1,3.9,100,85,4.1,43.4,32,45,2,3,4,No,2.8,No
EMP10772,35,Male,Marketing,Marketing Analyst,Pune,8/5/2019 22:20,,Active,53000,Mid,7.1,5.4,4.8,100,98,5,43.9,17,37,3,7,7,No,2.7,No
EMP10773,34,Male,IT,System Engineer,Hyderabad,7/18/2022 21:55,,Active,52000,Mid,4.1,1.9,4.1,96,77,3.5,45.7,47,44,1,4,4,No,2.2,No
EMP10774,41,Male,Sales,Account Manager,Bengaluru,2/6/2020 3:08,,Active,90300,Senior,6.6,4.4,2.7,90,95,4.6,38.3,11,53,2,11,6,No,4.6,No
EMP10775,36,Male,Marketing,Marketing Analyst,Bengaluru,7/28/2023 10:57,,Active,57900,Mid,3.1,2,3.4,87,95,2.3,39.9,6,37,1,4,6,Yes,5,No
EMP10776,44,Female,IT,Software Engineer,Bengaluru,12/2/2023 23:21,,Active,79200,Senior,2.7,1.3,3.3,100,88,2.8,46.8,10,11,1,7,7,No,3.6,No
EMP10777,27,Male,Sales,Account Manager,Hyderabad,10/17/2019 6:31,,Active,33800,Junior,6.9,6,3.7,100,94,3.5,46.2,25,36,3,4,7,No,4.7,No
EMP10778,35,Male,Operations,Operations Analyst,Chennai,9/5/2025 4:18,,Active,54300,Mid,1,0.8,4.3,100,90,2.6,39,15,25,0,5,9,Yes,3,No
EMP10779,35,Male,Operations,Operations Manager,Delhi NCR,4/10/2019 19:22,,Active,68800,Mid,7.4,4.1,3.6,97,98,3.4,45.9,12,10,3,7,4,No,3.5,No
EMP10780,27,Male,Operations,Operations Analyst,Bengaluru,10/13/2024 8:23,,Active,38900,Junior,1.9,1.1,3.6,100,98,4.3,41.5,9,41,1,10,3,Yes,4,No
EMP10781,41,Male,Operations,Operations Analyst,Delhi NCR,8/24/2019 15:47,,Active,101000,Senior,7,3.3,3.5,100,95,2.6,39.5,6,45,3,12,6,No,2.9,No
EMP10782,50,Female,HR,Recruiter,Mumbai,12/2/2019 5:39,,Active,120000,Lead,6.7,3.9,4.1,98,96,4.3,42.2,23,27,3,2,4,Yes,3.4,No
EMP10783,34,Female,Sales,Account Manager,Mumbai,9/13/2022 14:17,,Active,58000,Mid,4,2.9,3.1,100,98,1.7,41,7,32,1,7,6,No,3.3,No
EMP10784,38,Male,Sales,Account Manager,Hyderabad,2/14/2020 9:44,,Active,92700,Senior,6.5,4.2,2.4,90,94,2.9,42.8,1,3,2,5,4,No,3.9,No
EMP10785,35,Male,IT,Software Engineer,Hyderabad,1/29/2023 4:04,,Active,64200,Mid,3.6,3.2,4,100,98,3.2,42.4,15,44,1,3,6,No,3.5,No
EMP10786,29,Male,Customer Support,Support Manager,Bengaluru,7/29/2024 16:59,,Active,65000,Mid,2.1,1,3.8,100,98,2.6,43,17,,0,4,4,No,2.9,No
EMP10787,21,Male,HR,HR Manager,Bengaluru,9/4/2021 10:13,,Active,31800,Junior,5,3.6,4.5,100,84,2.9,46.3,26,32,3,3,7,Yes,3.3,No
EMP10788,29,Female,Finance,Finance Manager,Chennai,7/15/2023 12:07,,Active,54000,Mid,3.1,2.6,1.7,83,92,4.7,40.1,9,10,1,5,6,No,4.4,No
EMP10789,24,Female,Finance,Accountant,Bengaluru,2/22/2024 10:06,,Active,35500,Junior,2.5,1.7,3.4,100,91,4.5,43.3,20,5,2,8,10,No,3.9,No
EMP10790,46,Male,Customer Support,Support Analyst,Bengaluru,11/9/2020 0:58,,Active,100400,Senior,5.8,2.6,3.6,100,98,4,43.7,21,56,2,10,5,No,3.9,No
EMP10791,33,Male,IT,System Engineer,Bengaluru,10/28/2021 22:39,,Active,53000,Mid,4.8,2.7,2.4,81,74,4.3,46.3,48,14,2,4,3,No,5,No
EMP10792,32,Male,HR,Recruiter,Bengaluru,6/5/2020 11:37,,Active,56300,Mid,6.2,3.7,3.4,100,93,2.8,42.5,10,30,2,3,7,Yes,2.6,No
EMP10793,40,Female,Finance,Finance Manager,Mumbai,1/5/2019 2:23,,Active,95100,Senior,7.7,6.8,4.4,100,90,2.3,39.9,13,14,4,6,4,No,4.1,No
EMP10794,26,Female,Operations,Operations Executive,Pune,6/24/2024 7:55,,Active,42700,Junior,2.2,1.9,5,100,98,2.7,44.3,15,3,1,5,5,Yes,3.5,No
EMP10795,29,Male,IT,Data Analyst,Mumbai,4/10/2022 15:37,,Active,63900,Mid,4.4,3.9,4.2,100,86,2.8,42.7,33,34,3,17,5,Yes,3.8,No
EMP10796,34,Male,Customer Support,Support Executive,Delhi NCR,3/24/2025 9:15,,Active,60600,Mid,1.4,1.2,3.3,93,81,2.9,45.3,33,36,0,4,3,No,3.6,No
EMP10797,41,Female,Customer Support,Support Analyst,Hyderabad,9/3/2020 10:54,,Active,82500,Senior,6,3.6,4.4,100,97,3.9,42.7,17,5,3,5,11,No,2.9,No
EMP10798,38,Male,HR,HR Analyst,Delhi NCR,5/24/2020 2:12,,Active,85200,Senior,6.3,5.4,4.2,100,98,3.7,39.9,13,44,2,9,6,No,2.7,No
EMP10799,36,Male,Operations,Operations Analyst,Pune,4/11/2025 13:59,,Active,67900,Mid,1.4,1.2,3.1,100,90,3.2,44.9,7,21,1,6,7,Yes,3.5,No
EMP10800,35,Male,Customer Support,Support Manager,Pune,2/27/2020 2:50,,Active,65400,Mid,6.5,3.9,3.1,92,78,3.3,48.7,35,13,2,6,7,Yes,2.9,No
EMP10801,37,Female,Operations,Operations Executive,Bengaluru,11/1/2023 20:19,,Active,50700,Mid,2.8,1.6,3.4,100,86,4.4,40.6,23,12,1,3,5,No,3.2,No
EMP10802,35,Male,IT,Software Engineer,Pune,6/23/2023 14:29,,Active,66100,Mid,3.2,2.2,2.7,94,98,2.2,46,32,40,1,6,4,No,4.1,No
EMP10803,27,Male,HR,HR Manager,Delhi NCR,12/19/2024 17:33,,Active,47200,Junior,1.7,0.9,3.3,91,91,4.1,41.8,17,3,0,2,6,Yes,2.5,No
EMP10804,34,Female,Operations,Operations Analyst,Chennai,12/17/2023 19:56,,Active,60400,Mid,2.7,1.3,3.9,95,93,1.5,39.1,6,11,1,4,4,No,3.3,No
EMP10805,26,Male,Finance,Financial Analyst,Delhi NCR,7/19/2020 6:15,,Active,41000,Junior,6.1,5.3,4.3,100,98,2.9,43.4,20,34,2,4,4,Yes,4.3,No
EMP10806,35,Male,Operations,Operations Executive,Chennai,12/10/2019 3:56,,Active,67100,Mid,6.7,5.8,3.2,100,98,4.8,42.6,4,32,3,5,5,No,3.1,No
EMP10807,31,Male,Customer Support,Support Executive,Pune,4/1/2020 18:22,,Active,55100,Mid,6.4,3.3,4.5,100,98,3.7,40.8,3,14,2,5,6,No,4.7,No
EMP10808,52,Male,Customer Support,Support Manager,Mumbai,9/6/2023 11:50,,Active,141300,Lead,3,1.9,4,100,86,3,41.6,20,46,1,7,4,Yes,2.3,No
EMP10809,34,Female,Finance,Finance Manager,Delhi NCR,6/5/2024 11:30,,Active,68600,Mid,2.2,1.8,4,100,98,4.2,44.2,7,12,1,7,6,Yes,5,No
EMP10810,24,Male,IT,Software Engineer,Chennai,6/12/2020 10:58,,Active,41700,Junior,6.2,4.6,2.8,99,97,3.9,45.2,14,25,2,8,4,Yes,3.5,No
EMP10811,33,Male,Customer Support,Support Manager,Pune,12/22/2020 13:11,,Active,59800,Mid,5.7,3.6,4.9,100,91,3.9,40.9,21,23,2,10,9,Yes,2.4,No
EMP10812,38,Male,Marketing,Marketing Manager,Bengaluru,4/2/2020 9:06,,Active,93500,Senior,6.4,5,3.9,92,98,3.2,43,22,23,3,4,1,No,4.2,No
EMP10813,46,Female,IT,Software Engineer,Hyderabad,9/5/2020 9:02,,Active,79100,Senior,6,5.1,3.3,95,98,,37.1,8,25,2,7,4,No,3.8,No
EMP10814,30,Female,Customer Support,Support Manager,Mumbai,4/23/2019 6:22,,Active,74600,Mid,7.4,6.4,3.1,84,71,2.8,46.3,34,25,4,8,4,No,4.6,No
EMP10815,23,Male,Customer Support,Support Manager,Bengaluru,9/17/2022 20:04,,Active,45900,Junior,4,2.5,3.3,100,98,2.8,44.2,7,25,1,9,4,No,2.3,No
EMP10816,40,Male,Finance,Finance Manager,Mumbai,7/12/2019 15:32,,Active,100200,Senior,7.1,3.7,2.7,98,74,5,46.5,44,25,3,4,7,Yes,2.6,No
EMP10817,24,Female,HR,HR Analyst,Bengaluru,11/7/2023 21:48,,Active,38200,Junior,2.8,2.4,4.2,100,90,3,41.5,33,43,2,7,3,Yes,4.1,No
EMP10818,31,Male,Sales,Account Manager,Pune,11/6/2019 1:13,,Active,57500,Mid,6.8,3.3,2.8,93,91,1.6,44.8,6,25,3,5,1,Yes,5,No
EMP10819,32,Female,IT,Software Engineer,Mumbai,7/15/2023 18:31,,Active,55300,Mid,3.1,2.4,3.7,100,82,4.4,47.7,21,38,2,7,5,No,4,No
EMP10820,34,Female,Sales,Account Manager,Pune,5/22/2025 11:55,,Active,65700,Mid,1.3,0.7,3.2,100,97,4.6,39.4,4,30,0,6,7,No,4.1,No
EMP10821,39,Female,Marketing,Marketing Analyst,Bengaluru,3/3/2025 22:06,,Active,86400,Senior,1.5,0.9,4,100,94,3.2,43.1,16,33,0,6,5,No,2.9,No
EMP10822,29,Male,IT,Data Analyst,Mumbai,7/1/2025 20:55,,Active,58700,Mid,1.2,0.8,4.1,100,78,1.5,44.5,20,39,1,6,8,No,3.4,No
EMP10823,32,Male,Sales,Account Manager,Mumbai,2/25/2020 3:01,,Active,63800,Mid,6.5,3.4,3,94,73,3.4,45,24,12,2,4,11,Yes,3,No
EMP10824,34,Female,Sales,Sales Executive,Bengaluru,1/24/2024 10:35,,Active,55400,Mid,2.6,2.2,3.5,100,98,5,40.4,2,37,2,4,3,No,3.9,No
EMP10825,35,Male,HR,Recruiter,Bengaluru,8/20/2022 15:49,,Active,67300,Mid,4,1.8,2.4,93,93,3.6,46,12,25,1,10,4,No,4.2,No
EMP10826,35,Male,Customer Support,Support Executive,Bengaluru,8/9/2022 16:05,,Active,59900,Mid,4.1,3.5,4.8,100,98,4.1,37.3,10,15,2,5,4,No,3.6,No
EMP10827,37,Female,Sales,Sales Manager,Delhi NCR,5/10/2023 10:52,,Active,49400,Mid,3.3,2.8,4.3,100,98,4.1,36.7,5,39,1,8,6,No,4.1,No
EMP10828,40,Female,Sales,Sales Manager,Mumbai,5/14/2019 5:10,,Active,85300,Senior,7.3,4.3,2.5,91,98,4.3,40.5,4,22,3,9,3,Yes,3.5,No
EMP10829,37,Male,Operations,Operations Executive,Mumbai,3/19/2021 23:58,,Active,69200,Mid,5.5,4.2,2.8,100,98,5,45,5,33,2,10,9,No,4.6,No
EMP10830,37,Male,Finance,Financial Analyst,Mumbai,4/28/2021 18:29,,Active,53400,Mid,5.3,3,3.4,89,80,4.4,46.5,29,3,2,4,6,No,2.8,No
EMP10831,23,Male,Sales,Sales Executive,Pune,7/31/2025 23:49,,Active,44300,Junior,1.1,0.9,3.5,100,98,3.3,37.5,10,38,0,5,6,No,4.6,No
EMP10832,34,Female,Finance,Finance Manager,Chennai,11/1/2023 19:17,,Active,60900,Mid,2.8,2,3,100,98,2.4,48.4,10,64,1,5,6,Yes,2.9,No
EMP10833,37,Female,IT,BI Developer,Delhi NCR,12/7/2024 3:33,,Active,58800,Mid,1.7,1,2.6,97,95,3.8,42.5,9,28,0,4,9,Yes,3.5,No
EMP10834,39,Male,IT,Data Analyst,Mumbai,2/6/2021 21:30,,Active,107600,Senior,5.6,3.5,3.8,100,97,3.2,38.6,12,24,2,8,6,Yes,2.5,No
EMP10835,29,Male,Finance,Financial Analyst,Bengaluru,12/1/2022 13:24,,Active,51000,Mid,3.7,2.8,4.8,100,98,4,41.5,14,22,1,8,11,No,3.9,No
EMP10836,29,Female,Finance,Financial Analyst,Chennai,8/22/2020 0:13,,Active,54800,Mid,6,5.1,3.5,100,94,2.6,43.5,9,36,2,12,8,Yes,3.6,No
EMP10837,30,Male,Customer Support,Support Executive,Bengaluru,1/3/2024 0:23,,Active,59800,Mid,2.7,1.4,3.3,82,89,3.1,44.9,14,24,1,11,3,Yes,4.1,No
EMP10838,38,Male,Sales,Sales Executive,Mumbai,1/9/2022 16:12,,Active,106900,Senior,4.6,3.3,3.2,97,81,3.4,42.2,19,37,2,6,7,No,2.1,No
EMP10839,41,Female,HR,HR Analyst,Mumbai,11/8/2020 15:57,10/6/2021 15:57,Exited,89900,Senior,5.8,3.3,2.7,86,80,2.6,44.6,26,52,3,4,0,No,3.6,Yes
EMP10840,31,Male,Operations,Operations Executive,Mumbai,2/3/2025 10:46,,Active,61900,Mid,1.6,1.3,3,100,93,3.4,40.9,10,40,1,5,2,Yes,3.8,No
EMP10841,40,Female,IT,Data Analyst,Bengaluru,7/30/2024 14:30,,Active,87600,Senior,2.1,1,4.4,100,98,4.1,40.3,4,26,0,7,4,Yes,2.7,No
EMP10842,35,Male,Operations,Operations Manager,Pune,9/7/2021 19:18,,Active,62500,Mid,5,3.8,1.9,79,86,5,45.6,30,12,2,4,6,Yes,3.9,No
EMP10843,33,Male,IT,Software Engineer,Bengaluru,4/7/2023 0:27,,Active,58100,Mid,3.4,1.8,3.6,98,85,2.7,43.9,2,22,1,9,5,No,1.7,No
EMP10844,33,Female,Customer Support,Support Executive,Hyderabad,10/2/2025 17:42,,Active,64900,Mid,0.9,0.6,3.5,100,98,4.2,37.4,2,26,1,5,6,No,3.4,No
EMP10845,39,Male,IT,BI Developer,Bengaluru,9/17/2020 13:10,,Active,95400,Senior,6,5,3.6,99,73,1.6,40.9,12,10,2,7,3,No,4.6,No
EMP10846,36,Female,Finance,Accountant,Bengaluru,9/29/2020 4:02,,Active,58400,Mid,5.9,4.7,4,100,95,3.4,39.7,10,43,2,1,7,Yes,3.4,No
EMP10847,50,Male,IT,BI Developer,Chennai,3/26/2019 5:57,,Active,117100,Lead,7.4,5.8,3.5,97,98,3.5,38.7,10,36,3,4,4,Yes,2.9,No
EMP10848,28,Male,Customer Support,Support Executive,Bengaluru,9/26/2024 19:35,,Active,60700,Mid,1.9,1.3,3.2,94,84,4.1,38.7,11,13,0,8,5,Yes,3.4,No
EMP10849,38,Male,Finance,Financial Analyst,Pune,5/19/2020 10:56,,Active,99800,Senior,6.3,5.4,3,96,71,2.9,42.2,17,3,2,5,7,No,3.6,No
EMP10850,30,Male,HR,HR Analyst,Delhi NCR,1/14/2025 19:21,,Active,54200,Mid,1.6,1.1,4.5,100,91,3.6,39.4,17,38,0,5,9,No,4.2,No
EMP10851,28,Male,IT,Data Analyst,Bengaluru,1/25/2022 20:01,,Active,62300,Mid,4.6,4,4.3,98,91,4.4,39.7,20,5,3,8,6,Yes,3.6,No
EMP10852,34,Male,Operations,Operations Executive,Chennai,3/13/2020 0:22,,Active,51600,Mid,6.5,4.5,5,100,98,2.4,40.7,9,29,2,5,5,No,4.1,No
EMP10853,35,Male,IT,System Engineer,Mumbai,8/6/2021 15:40,,Active,52700,Mid,5.1,3.5,3.3,87,84,1.6,40.2,21,22,3,9,8,No,3.6,No
EMP10854,54,Male,Customer Support,Support Analyst,Pune,1/7/2020 4:33,,Active,134100,Lead,6.6,3.6,3,89,98,4.4,43.4,17,39,2,7,7,No,2.9,No
EMP10855,33,Female,IT,BI Developer,Bengaluru,7/23/2019 22:23,,Active,64800,Mid,7.1,4.9,3.8,92,88,2.5,40.4,13,39,4,10,2,No,2.4,No
EMP10856,26,Female,IT,Data Analyst,Pune,1/11/2025 8:03,,Active,40400,Junior,1.6,0.8,3.8,93,98,3.8,39.5,20,17,1,2,3,Yes,3.8,No
EMP10857,36,Female,IT,BI Developer,Bengaluru,6/4/2022 11:24,,Active,43700,Mid,4.2,3.5,4,100,82,5,49.9,33,40,1,4,8,Yes,1.5,No
EMP10858,21,Male,Finance,Accountant,Delhi NCR,3/9/2020 4:06,,Active,34100,Junior,6.5,4.9,4.1,100,98,4.2,36.5,15,24,2,4,5,Yes,2.1,No
EMP10859,33,Male,HR,HR Analyst,Pune,6/21/2022 9:18,,Active,64200,Mid,4.2,3.8,4,100,94,2.5,42.8,5,28,1,8,7,Yes,2.4,No
EMP10860,34,Female,IT,Data Analyst,Chennai,10/9/2020 18:22,,Active,49900,Mid,5.9,2.9,4.3,100,79,2.1,42,9,29,2,3,9,Yes,4.1,No
EMP10861,40,Male,Marketing,Digital Marketing Executive,Chennai,6/27/2019 11:15,,Active,87500,Senior,7.2,4,4.4,100,98,2.7,40,10,59,3,5,5,No,2.3,No
EMP10862,41,Male,Finance,Accountant,Pune,6/8/2022 11:50,,Active,95400,Senior,4.2,3.5,4.4,100,98,3.6,41.9,33,26,2,9,3,No,3.9,No
EMP10863,30,Female,HR,Recruiter,Chennai,9/23/2020 10:06,,Active,49400,Mid,5.9,3.7,1.8,92,97,,45.4,9,5,2,4,8,No,2.7,No
EMP10864,33,Female,Finance,Accountant,Bengaluru,7/20/2019 12:45,,Active,48200,Mid,7.1,4.7,3.7,100,98,4.6,45.7,3,18,4,3,9,No,3.4,No
EMP10865,29,Male,Finance,Accountant,Mumbai,10/5/2021 7:43,,Active,49500,Mid,4.9,4.1,2.8,82,98,4,41.1,15,38,2,6,2,No,3.4,No
EMP10866,26,Male,HR,HR Analyst,Mumbai,3/12/2025 9:45,,Active,40300,Junior,1.5,1,4.3,100,87,2.7,39.4,4,24,0,5,3,No,3.4,No
EMP10867,36,Female,IT,Software Engineer,Mumbai,12/8/2023 20:54,,Active,56100,Mid,2.7,1.5,1.8,95,81,4.2,43.3,4,28,1,4,6,Yes,3,No
EMP10868,25,Female,IT,Data Analyst,Mumbai,12/4/2021 23:33,,Active,44100,Junior,4.7,4,4.6,100,84,4.8,45.5,49,22,2,8,4,No,2.2,No
EMP10869,31,Female,Customer Support,Support Executive,Delhi NCR,7/11/2021 12:41,,Active,60800,Mid,5.1,2.4,2.9,100,85,3.1,42,4,3,2,11,8,Yes,3.5,No
EMP10870,27,Female,Customer Support,Support Analyst,Bengaluru,2/23/2025 21:53,,Active,51200,Junior,1.5,1.3,2.7,90,89,3.8,44.3,23,17,0,5,4,No,3.9,No
EMP10871,38,Female,Sales,Account Manager,Hyderabad,4/13/2022 11:34,,Active,81300,Senior,4.4,2.1,3.8,100,90,2.6,44.6,36,27,2,7,4,No,4,No
EMP10872,47,Male,Sales,Sales Executive,Bengaluru,1/18/2020 13:15,,Active,92300,Senior,6.6,4.9,3.2,100,96,3.3,40.9,4,3,2,4,8,Yes,3.6,No
EMP10873,25,Male,Operations,Operations Executive,Mumbai,7/3/2024 5:37,,Active,32400,Junior,2.2,1.1,4.8,95,97,2.6,44.2,26,11,1,5,6,Yes,3.7,No
EMP10874,21,Female,Finance,Accountant,Delhi NCR,5/8/2020 11:04,,Active,42200,Junior,6.3,4.8,4.5,100,98,4.5,39.5,18,23,2,6,3,No,2.9,No
EMP10875,33,Female,IT,Software Engineer,Pune,6/27/2023 13:54,,Active,60800,Mid,3.2,1.5,3.1,87,98,2.9,40.3,16,23,1,7,6,No,3.9,No
EMP10876,34,Female,IT,System Engineer,Hyderabad,12/22/2020 19:30,,Active,53000,Mid,5.7,4.7,4.3,82,98,3.8,40.9,3,34,2,6,4,No,3.8,No
EMP10877,36,Male,Operations,Operations Manager,Hyderabad,8/22/2020 5:06,,Active,58900,Mid,6,4,3.1,100,91,4,40.7,15,24,2,6,10,Yes,3.3,No
EMP10878,31,Male,Operations,Operations Analyst,Bengaluru,7/31/2023 15:09,,Active,60500,Mid,3.1,1.5,3.1,100,80,5,49.4,20,33,1,11,6,No,3.5,No
EMP10879,33,Female,IT,BI Developer,Delhi NCR,4/25/2023 4:10,,Active,55800,Mid,3.4,2.6,4,99,81,3.2,42.8,20,18,1,6,6,Yes,3.5,No
EMP10880,37,Female,Sales,Account Manager,Bengaluru,8/8/2021 10:45,,Active,65100,Mid,5.1,3.4,4.6,100,98,2.7,37,11,31,2,2,7,No,3.9,No
EMP10881,41,Female,Sales,Sales Manager,Mumbai,3/23/2020 4:21,,Active,82800,Senior,6.4,3.4,3.2,97,91,3.3,35.3,19,49,2,7,3,No,,No
EMP10882,21,Female,Operations,Operations Executive,Mumbai,8/7/2024 7:45,,Active,52600,Junior,2.1,1,3.2,100,98,2.6,44.9,23,32,0,10,10,Yes,2.2,No
EMP10883,31,Female,IT,System Engineer,Bengaluru,1/3/2025 11:42,1/30/2026 11:42,Exited,66700,Mid,1.7,1.1,3.7,90,80,3,40.6,2,25,0,2,2,Yes,2.3,Yes
EMP10884,35,Female,IT,BI Developer,Mumbai,1/29/2025 2:53,,Active,62400,Mid,1.6,0.8,2.8,82,95,4.1,46,19,15,0,7,2,Yes,3.1,No
EMP10885,28,Female,Marketing,Digital Marketing Executive,Chennai,9/24/2019 0:48,,Active,79900,Mid,6.9,3.4,4.7,100,98,2.8,39.3,7,29,3,6,5,No,3.9,No
EMP10886,46,Male,IT,BI Developer,Chennai,10/3/2024 21:29,,Active,87800,Senior,1.9,1.1,2.8,100,80,3.9,41.3,13,25,0,5,6,No,1.7,No
EMP10887,30,Female,Operations,Operations Manager,Mumbai,4/9/2025 1:53,,Active,64300,Mid,1.4,1,3,100,98,3.9,43.4,22,36,0,7,4,Yes,3.6,No
EMP10888,34,Male,Sales,Sales Manager,Bengaluru,9/10/2021 0:52,,Active,61600,Mid,5,3.4,4.8,100,92,3.6,40.2,5,3,2,7,3,No,4.5,No
EMP10889,38,Male,IT,Data Analyst,Bengaluru,5/31/2022 12:19,,Active,95600,Senior,4.3,2.1,3.7,100,98,4,41,13,25,1,7,7,Yes,3.7,No
EMP10890,30,Female,Sales,Sales Manager,Mumbai,10/8/2019 21:23,,Active,70500,Mid,6.9,6.1,5,100,98,3.1,43.9,17,34,3,9,6,Yes,1.9,No
EMP10891,21,Male,Operations,Operations Analyst,Chennai,1/5/2025 9:09,,Active,41800,Junior,1.7,1.4,3.3,100,82,1.6,38.9,8,30,0,7,9,No,3.9,No
EMP10892,31,Male,Customer Support,Support Analyst,Bengaluru,2/28/2024 13:48,,Active,67300,Mid,2.5,1.4,5,100,86,3.5,42.7,11,23,1,8,6,No,3.7,No
EMP10893,41,Male,Marketing,Marketing Manager,Pune,2/12/2025 1:14,,Active,86100,Senior,1.5,0.8,4,100,98,3.5,45.4,7,23,1,5,9,No,3.2,No
EMP10894,32,Male,Sales,Account Manager,Bengaluru,2/7/2024 19:47,,Active,58600,Mid,2.6,2.3,2.9,100,93,3.1,47,23,13,1,8,9,Yes,3.6,No
EMP10895,28,Male,Operations,Operations Executive,Chennai,9/16/2025 16:46,,Active,71500,Mid,1,0.7,2.9,100,89,4,36.5,8,33,0,12,7,No,2.4,No
EMP10896,40,Male,IT,BI Developer,Mumbai,4/27/2019 16:38,,Active,94200,Senior,7.3,4.3,2.4,74,75,4.1,42.5,30,34,4,9,3,Yes,3.5,No
EMP10897,32,Female,Sales,Sales Executive,Pune,5/1/2025 23:11,,Active,61700,Mid,1.3,0.9,2.5,79,88,3.6,43,18,8,0,6,5,No,3.9,No
EMP10898,30,Male,Customer Support,Support Manager,Mumbai,8/1/2021 12:15,,Active,54700,Mid,5.1,4.1,3,100,86,3.5,46.1,23,39,3,3,5,No,2.9,No
EMP10899,35,Male,IT,Software Engineer,Hyderabad,4/5/2020 19:20,,Active,66800,Mid,6.4,3.4,2.8,100,79,4.5,41.8,10,19,2,7,4,Yes,3.1,No
EMP10900,39,Male,IT,System Engineer,Bengaluru,10/23/2023 1:06,,Active,84500,Senior,2.9,2.3,1.6,89,87,2.4,43.9,6,23,1,7,4,Yes,3,No
EMP10901,51,Female,IT,System Engineer,Bengaluru,12/23/2025 5:53,,Active,117500,Lead,0.7,0.6,4.1,100,94,3.1,39.5,9,54,0,9,5,No,3.1,No
EMP10902,40,Male,IT,Software Engineer,Chennai,7/12/2021 10:18,,Active,90800,Senior,5.1,3.5,4.1,100,98,4.3,41.1,2,50,2,6,6,No,2.8,No
EMP10903,42,Female,IT,BI Developer,Chennai,11/23/2023 14:40,,Active,73200,Senior,2.8,2.4,3.7,100,98,3.9,42.8,15,8,1,5,11,No,2.9,No
EMP10904,30,Female,HR,HR Analyst,Chennai,3/15/2025 16:03,,Active,64300,Mid,1.5,0.8,2.6,98,89,3.2,44,6,10,0,2,4,Yes,3.9,No
EMP10905,27,Female,Finance,Financial Analyst,Hyderabad,2/9/2022 5:38,,Active,40600,Junior,4.6,3.3,4.7,100,97,3.8,42.9,5,13,2,6,5,Yes,2.1,No
EMP10906,34,Male,Customer Support,Support Analyst,Pune,5/6/2022 11:31,,Active,57500,Mid,4.3,2.8,3.4,100,97,2.9,43,10,50,1,4,4,Yes,3.6,No
EMP10907,35,Female,Marketing,Digital Marketing Executive,Bengaluru,9/9/2023 13:27,,Active,58200,Mid,3,1.9,2.9,100,90,3.5,43.9,14,19,1,5,4,Yes,3.9,No
EMP10908,26,Male,Sales,Sales Executive,Mumbai,2/10/2024 17:40,,Active,37200,Junior,2.6,1.5,3.7,100,74,4,41,32,7,1,6,5,No,2.4,No
EMP10909,33,Female,Sales,Sales Manager,Mumbai,4/29/2021 10:57,,Active,54500,Mid,5.3,3.3,3.6,100,98,4.6,41.1,12,45,2,8,2,No,3.4,No
EMP10910,37,Female,Sales,Account Manager,Hyderabad,6/24/2019 5:17,,Active,61300,Mid,7.2,3.6,1.6,84,85,4,38.4,7,36,4,6,6,No,2.8,No
EMP10911,37,Male,HR,HR Analyst,Mumbai,5/25/2019 0:17,,Active,58300,Mid,7.3,4.1,3.5,100,98,4.6,40.9,20,60,3,5,12,Yes,4.4,No
EMP10912,38,Male,Sales,Account Manager,Bengaluru,3/22/2019 0:35,,Active,90800,Senior,7.4,4.2,3.6,100,83,2.1,41.4,15,36,4,6,6,Yes,3.3,No
EMP10913,36,Male,Operations,Operations Manager,Hyderabad,6/14/2020 5:29,,Active,58900,Mid,6.2,4.8,3.2,100,92,1.4,36,13,,2,3,6,No,4.7,No
EMP10914,30,Female,Finance,Financial Analyst,Pune,2/25/2020 18:04,,Active,57500,Mid,6.5,3.1,2.5,85,75,1.4,42.9,26,32,2,5,7,No,4.6,No
EMP10915,30,Male,HR,Recruiter,Mumbai,7/23/2024 11:46,,Active,61900,Mid,2.1,1.6,2.5,100,94,4.4,40.4,19,22,1,5,6,No,3.7,No
EMP10916,26,Female,Finance,Finance Manager,Bengaluru,11/22/2024 11:20,,Active,43500,Junior,1.8,1,3.9,100,98,3.9,38,5,46,0,10,6,No,5,No
EMP10917,46,Male,Sales,Account Manager,Bengaluru,12/9/2025 19:10,,Active,86300,Senior,0.7,0.3,4.1,100,92,2.8,42.5,18,47,0,11,5,No,2.2,No
EMP10918,34,Female,Customer Support,Support Manager,Bengaluru,6/26/2019 4:11,,Active,62800,Mid,7.2,4.2,3.2,97,80,3.1,40.7,13,6,3,6,7,No,4.7,No
EMP10919,32,Female,Marketing,Marketing Manager,Mumbai,1/24/2022 14:30,,Active,63600,Mid,4.6,2.5,3.8,100,94,3.7,42.1,10,,2,5,4,No,3.3,No
EMP10920,27,Female,IT,Data Analyst,Hyderabad,6/6/2023 14:01,,Active,29000,Junior,3.2,2.2,3.2,95,88,2.7,39.1,6,13,2,4,6,Yes,3.4,No
EMP10921,55,Female,Customer Support,Support Manager,Hyderabad,12/18/2024 23:31,,Active,131800,Lead,1.7,1,2.9,95,85,2.7,40.4,7,62,1,6,4,No,3.1,No
EMP10922,26,Male,Finance,Accountant,Hyderabad,6/2/2023 6:42,,Active,52400,Junior,3.2,2.8,3.7,100,96,2.8,47.1,8,49,2,7,4,No,2.3,No
EMP10923,31,Male,Customer Support,Support Manager,Mumbai,4/7/2020 9:04,,Active,59400,Mid,6.4,5.7,2.6,99,98,2.7,41.8,2,12,2,5,7,No,4,No
EMP10924,37,Female,Marketing,Marketing Manager,Pune,7/15/2024 9:07,,Active,58800,Mid,2.1,1.4,4.9,100,97,3.4,41,25,31,1,10,3,No,2.5,No
EMP10925,38,Male,Finance,Financial Analyst,Bengaluru,8/14/2021 22:48,,Active,88500,Senior,5,4,2.4,85,86,4.9,45,15,42,2,3,2,Yes,3,No
EMP10926,41,Male,IT,BI Developer,Delhi NCR,8/1/2020 9:18,,Active,94300,Senior,6.1,2.8,3.7,100,98,2.5,46.4,20,19,2,5,10,No,3.1,No
EMP10927,47,Male,Sales,Sales Manager,Pune,8/29/2023 5:36,,Active,93600,Senior,3,2.1,3.6,100,81,3.3,45.6,33,9,1,3,6,No,4.3,No
EMP10928,38,Male,HR,Recruiter,Bengaluru,6/7/2024 13:56,,Active,78900,Senior,2.2,1.7,3.5,100,98,3.8,39,8,29,1,3,4,No,3.4,No
EMP10929,27,Male,Operations,Operations Analyst,Bengaluru,5/12/2022 22:40,,Active,31900,Junior,4.3,2.4,4.6,100,90,3.9,43.5,7,26,1,4,5,Yes,1.5,No
EMP10930,32,Female,Sales,Sales Executive,Chennai,1/31/2024 19:47,,Active,63600,Mid,2.6,1.2,1.5,79,81,2.9,40.2,13,15,1,8,3,No,2.8,No
EMP10931,36,Male,IT,Data Analyst,Mumbai,9/13/2020 19:20,,Active,59000,Mid,6,3.1,3.8,99,98,4,44.9,12,45,2,7,2,No,2.3,No
EMP10932,48,Male,Marketing,Marketing Manager,Hyderabad,1/14/2020 3:06,,Active,116800,Lead,6.6,4.3,3.3,86,83,3.8,41.4,16,10,3,7,2,No,3.9,No
EMP10933,24,Male,Customer Support,Support Executive,Bengaluru,11/22/2025 3:01,,Active,48500,Junior,0.8,0.5,3.9,100,84,3,42.1,22,26,1,7,6,Yes,2.6,No
EMP10934,42,Female,HR,HR Manager,Hyderabad,4/30/2020 0:38,,Active,84400,Senior,6.3,3.9,3.5,92,91,2.2,42.3,8,31,2,3,3,No,3,No
EMP10935,35,Male,IT,BI Developer,Mumbai,4/16/2024 16:24,,Active,60300,Mid,2.4,1.6,3.4,100,84,2.4,43.9,3,32,1,2,3,No,4.9,No
EMP10936,40,Female,Sales,Account Manager,Bengaluru,2/5/2022 10:46,,Active,88800,Senior,4.6,3,2.6,93,98,4.1,47.4,12,44,2,6,0,No,4,No
EMP10937,33,Female,IT,System Engineer,Hyderabad,5/17/2025 9:05,,Active,52400,Mid,1.3,1,3,97,84,4.7,42.9,23,25,0,9,7,Yes,2.6,No
EMP10938,28,Male,Customer Support,Support Analyst,Mumbai,11/19/2020 2:45,,Active,61300,Mid,5.8,2.9,5,100,97,3.4,41,16,3,2,2,5,Yes,4.2,No
EMP10939,39,Female,IT,Software Engineer,Mumbai,2/25/2024 23:37,,Active,92700,Senior,2.5,2,3.9,95,90,4.7,39.2,10,23,1,5,5,No,2.9,No
EMP10940,39,Female,HR,Recruiter,Bengaluru,7/30/2025 5:16,,Active,86700,Senior,1.1,0.8,4.3,100,94,3.4,37,6,38,0,5,4,Yes,4.2,No
EMP10941,41,Female,Sales,Account Manager,Bengaluru,12/10/2025 22:37,,Active,87600,Senior,0.7,0.5,3.2,86,83,2.4,40.6,25,26,0,7,4,No,3.2,No
EMP10942,34,Female,HR,HR Manager,Mumbai,2/7/2019 13:45,,Active,64200,Mid,7.6,5.9,2.9,100,98,3.2,41.3,6,26,3,7,5,Yes,2.7,No
EMP10943,30,Male,Operations,Operations Manager,Bengaluru,3/6/2021 15:58,,Active,46200,Mid,5.5,3.6,4.1,100,92,4.7,44.3,13,35,2,7,4,No,2.7,No
EMP10944,23,Male,Marketing,Marketing Analyst,Chennai,2/8/2022 12:04,,Active,32100,Junior,4.6,2.5,2.1,82,96,2.9,39.4,13,37,3,3,3,No,3.7,No
EMP10945,40,Male,IT,BI Developer,Bengaluru,7/29/2022 8:27,,Active,91500,Senior,4.1,2.8,3,86,97,3.3,44.5,20,3,2,6,4,Yes,4.2,No
EMP10946,37,Male,IT,BI Developer,Delhi NCR,12/31/2021 8:19,,Active,56300,Mid,4.7,4.1,3.2,100,98,4.5,38.3,4,28,2,5,5,Yes,3.8,No
EMP10947,27,Female,IT,Software Engineer,Bengaluru,4/18/2024 17:41,,Active,34200,Junior,2.4,1.7,4.2,100,93,4.4,41.3,25,25,1,3,6,No,3.2,No
EMP10948,30,Male,Customer Support,Support Manager,Mumbai,9/26/2021 10:53,,Active,66300,Mid,4.9,2.2,3.8,90,94,3.7,39.1,14,29,2,10,2,No,2.1,No
EMP10949,31,Female,Customer Support,Support Analyst,Chennai,11/15/2019 14:00,,Active,55600,Mid,6.8,3.2,3.1,94,98,3.9,45.3,16,3,4,9,4,Yes,3,No
EMP10950,24,Female,HR,HR Analyst,Bengaluru,12/31/2022 13:03,,Active,51900,Junior,3.7,3.3,3.8,100,98,4.4,45.3,10,47,1,8,6,No,2.5,No
EMP10951,28,Female,Operations,Operations Analyst,Chennai,2/27/2021 19:58,,Active,47700,Mid,5.5,2.7,3.3,100,98,3.7,39.1,7,28,2,6,6,No,4.6,No
EMP10952,26,Female,Operations,Operations Manager,Bengaluru,4/6/2023 17:58,,Active,25000,Junior,3.4,1.6,4.3,100,90,4.6,40.5,20,34,1,8,11,Yes,3.2,No
EMP10953,31,Male,IT,System Engineer,Hyderabad,8/18/2024 12:56,,Active,66200,Mid,2,1.2,3.7,100,98,4,44.2,21,53,0,2,3,Yes,3.7,No
EMP10954,29,Male,Customer Support,Support Executive,Delhi NCR,5/30/2024 13:38,,Active,,Mid,2.3,2,4.8,100,98,3.3,45.6,10,34,1,7,7,No,3.2,No
EMP10955,23,Male,Finance,Finance Manager,Chennai,3/28/2024 22:45,,Active,31200,Junior,2.4,1.4,3.3,100,88,3.8,45.2,9,6,2,5,5,No,3.8,No
EMP10956,48,Male,Sales,Sales Executive,Delhi NCR,12/6/2022 5:33,,Active,131900,Lead,3.7,2.3,4.4,100,98,3.1,40.3,10,27,1,11,6,Yes,4.1,No
EMP10957,43,Male,Finance,Accountant,Delhi NCR,7/10/2023 21:13,,Active,86500,Senior,3.1,2.3,3.6,100,83,2.5,40,4,37,2,6,5,No,5,No
EMP10958,29,Male,IT,Software Engineer,Bengaluru,9/23/2020 21:03,,Active,66400,Mid,5.9,2.7,3,98,91,2.4,39,17,29,2,5,1,Yes,3.1,No
EMP10959,36,Female,IT,Software Engineer,Bengaluru,4/25/2025 11:20,,Active,55700,Mid,1.3,1.1,5,100,98,3.2,40.3,10,52,0,7,10,No,4.3,No
EMP10960,37,Male,Operations,Operations Executive,Chennai,2/7/2019 21:54,,Active,62500,Mid,7.6,5.2,4.5,100,95,3.7,43.5,26,16,4,7,7,No,3.7,No
EMP10961,42,Male,IT,BI Developer,Mumbai,3/30/2021 6:07,,Active,86400,Senior,5.4,3.6,3.7,95,98,5,38.6,16,45,2,4,2,No,3,No
EMP10962,28,Female,Operations,Operations Analyst,Mumbai,7/6/2024 22:55,,Active,53600,Mid,2.2,1.8,4.1,100,98,3.8,40.5,15,40,1,7,3,No,3.1,No
EMP10963,42,Male,Sales,Sales Manager,Pune,10/16/2019 4:39,,Active,102100,Senior,6.9,6.1,2.7,100,94,3.6,43.3,22,29,3,0,10,No,3.9,No
EMP10964,30,Male,Sales,Account Manager,Mumbai,9/23/2023 2:38,,Active,67800,Mid,2.9,1.9,2.7,100,95,3.3,38.2,16,33,2,3,6,No,3.3,No
EMP10965,25,Female,Sales,Sales Manager,Chennai,7/22/2021 6:28,,Active,32900,Junior,5.1,2.7,4.3,100,98,3.1,41.8,5,14,2,6,5,Yes,3.6,No
EMP10966,39,Female,Sales,Sales Executive,Hyderabad,11/24/2020 15:21,,Active,88800,Senior,5.8,4.7,3.5,90,92,3.5,44.3,14,24,3,9,3,No,4,No
EMP10967,43,Female,Operations,Operations Manager,Hyderabad,1/21/2023 19:35,,Active,100300,Senior,3.6,2.3,3.4,100,98,3.2,41.6,1,36,1,3,7,Yes,5,No
EMP10968,52,Male,Sales,Sales Executive,Chennai,4/11/2024 0:26,,Active,118100,Lead,2.4,2.1,3.3,94,91,3.1,39.3,4,26,1,7,7,No,3.5,No
EMP10969,26,Female,HR,HR Manager,Bengaluru,1/13/2025 13:38,,Active,31500,Junior,1.6,1.4,3.6,100,96,4.1,44.8,15,29,1,6,9,No,2.6,No
EMP10970,39,Female,Finance,Financial Analyst,Mumbai,9/3/2019 1:11,,Active,93300,Senior,7,3.5,3.3,100,95,2.6,44.2,6,42,3,4,7,No,3.8,No
EMP10971,31,Male,Operations,Operations Analyst,Delhi NCR,8/6/2021 4:04,,Active,75900,Mid,5.1,4.5,2,94,68,3.2,44.7,31,3,2,11,6,Yes,3.1,No
EMP10972,39,Female,Customer Support,Support Analyst,Bengaluru,6/12/2022 4:45,,Active,90400,Senior,4.2,2.6,4.6,100,98,2.8,42.9,20,33,1,5,6,Yes,5,No
EMP10973,24,Female,Operations,Operations Analyst,Hyderabad,4/2/2024 9:31,,Active,45300,Junior,2.4,1.8,3.4,100,84,3.5,39.7,10,53,1,6,5,No,3.1,No
EMP10974,25,Female,IT,Software Engineer,Chennai,10/23/2020 12:36,,Active,30900,Junior,5.9,2.7,4.9,100,95,4.2,39.9,7,23,3,5,6,Yes,3.5,No
EMP10975,29,Female,IT,System Engineer,Delhi NCR,7/12/2019 22:23,,Active,62500,Mid,7.1,6,2.2,100,95,3.7,43.8,9,11,4,5,4,Yes,4,No
EMP10976,35,Female,Sales,Account Manager,Mumbai,4/6/2022 0:48,,Active,57500,Mid,4.4,3.3,2.2,87,85,3.2,45.5,7,23,2,4,5,No,3.9,No
EMP10977,30,Female,HR,Recruiter,Chennai,5/1/2019 22:57,,Active,73100,Mid,7.3,5.4,3.3,100,94,4.2,42.6,29,7,3,9,6,Yes,4.6,No
EMP10978,39,Male,IT,BI Developer,Delhi NCR,7/12/2020 23:58,,Active,101200,Senior,6.1,5.2,4.2,100,98,4.2,41.3,14,31,3,7,9,Yes,4,No
EMP10979,41,Female,Finance,Finance Manager,Delhi NCR,7/17/2019 19:01,,Active,106000,Senior,7.1,4.8,2.6,89,78,3.4,40,13,27,3,3,5,No,5,No
EMP10980,38,Male,HR,HR Manager,Mumbai,1/16/2025 9:36,,Active,85100,Senior,1.6,1,2.6,95,98,4.8,40.9,16,32,1,8,2,Yes,3.9,No
EMP10981,45,Male,Sales,Sales Manager,Chennai,3/20/2023 2:11,,Active,90200,Senior,3.4,2.9,3.8,100,98,3.8,42,41,26,2,9,3,No,4.5,No
EMP10982,37,Female,Marketing,Marketing Analyst,Delhi NCR,2/12/2022 6:30,,Active,62600,Mid,4.5,3.5,3.3,100,93,3.8,43.7,21,31,2,9,5,No,3.1,No
EMP10983,25,Female,IT,Data Analyst,Pune,11/15/2023 22:19,,Active,33400,Junior,2.8,2.5,3.9,100,95,2.3,39.1,18,34,1,5,5,No,5,No
EMP10984,44,Female,IT,BI Developer,Pune,6/24/2019 18:21,,Active,90900,Senior,7.2,6.3,3.3,99,83,1.9,39,3,11,4,7,3,No,3.2,No
EMP10985,30,Male,Operations,Operations Analyst,Mumbai,3/20/2023 13:22,,Active,66400,Mid,3.4,2.1,3.8,100,89,3.5,43.1,26,33,1,10,5,No,4.7,No
EMP10986,40,Male,Finance,Financial Analyst,Delhi NCR,7/24/2022 8:07,,Active,86100,Senior,4.1,2.7,4.5,100,87,4.3,39.5,22,48,1,3,4,Yes,4.2,No
EMP10987,45,Male,Operations,Operations Executive,Pune,5/22/2022 13:40,,Active,85100,Senior,4.3,2.4,2.6,100,86,3.7,39.3,10,15,2,5,10,Yes,3.6,No
EMP10988,37,Female,Finance,Accountant,Mumbai,2/11/2019 7:08,,Active,54600,Mid,7.6,5.7,4.4,100,98,4.3,37.6,3,32,3,9,7,No,4.7,No
EMP10989,24,Female,Sales,Account Manager,Pune,6/19/2023 11:46,,Active,28600,Junior,3.2,2,2.2,97,95,3,43.1,3,46,1,7,3,No,3.5,No
EMP10990,28,Female,Marketing,Digital Marketing Executive,Chennai,8/31/2024 11:16,,Active,66000,Mid,2,1.6,4,95,98,3.5,44.6,8,12,0,11,4,No,4.6,No
EMP10991,43,Female,Marketing,Marketing Analyst,Hyderabad,3/3/2025 15:13,,Active,85100,Senior,1.5,0.8,4.6,100,98,3.4,39,8,39,0,6,8,No,3.8,No
EMP10992,33,Female,Operations,Operations Manager,Hyderabad,9/26/2021 4:16,,Active,54300,Mid,4.9,2.5,3.1,100,85,1.8,49,17,25,2,7,5,No,3.2,No
EMP10993,35,Female,Sales,Sales Executive,Pune,4/30/2025 18:57,,Active,63700,Mid,1.3,0.7,4,100,98,5,39.8,17,42,0,7,9,No,3.8,No
EMP10994,39,Male,HR,HR Analyst,Pune,2/22/2025 12:55,,Active,89900,Senior,1.5,0.7,3.1,100,95,4.5,40.2,10,16,0,11,5,No,3.5,No
EMP10995,39,Male,Sales,Sales Executive,Mumbai,12/24/2021 1:20,,Active,86300,Senior,4.7,3.4,3.9,100,93,4.2,42.2,8,28,2,8,8,No,3.1,No
EMP10996,36,Female,IT,System Engineer,Bengaluru,8/21/2020 21:17,,Active,65700,Mid,6,3.1,1.8,97,98,4.6,42.2,6,7,2,3,6,No,3.7,No
EMP10997,33,Female,Customer Support,Support Analyst,Mumbai,4/3/2020 2:19,,Active,56000,Mid,6.4,3.3,3.6,94,95,3,40.1,7,34,3,4,6,No,3.8,No
EMP10998,32,Male,IT,Software Engineer,Hyderabad,12/27/2023 6:28,,Active,44800,Mid,2.7,1.2,3.8,100,94,4.1,44.7,16,34,2,7,8,No,1.5,No
EMP10999,40,Female,Customer Support,Support Analyst,Delhi NCR,7/29/2021 21:32,,Active,99300,Senior,5.1,4.1,4.5,100,98,3,45.7,22,36,2,6,9,No,3.9,No
EMP11000,38,Male,Finance,Finance Manager,Hyderabad,3/14/2023 12:45,,Active,84200,Senior,3.5,2.9,4.2,100,96,3.5,45.7,46,35,1,3,7,No,4.1,No
EMP11001,32,Male,IT,System Engineer,Mumbai,11/20/2023 5:43,,Active,55000,Mid,2.8,1.5,3.4,91,83,1.8,43.2,29,27,1,3,5,No,4.7,No
EMP11002,42,Female,HR,HR Analyst,Hyderabad,3/18/2021 16:24,,Active,85000,Senior,5.5,4.3,3.7,100,73,3.3,40.7,18,7,2,8,3,No,2.5,No
EMP11003,33,Female,Customer Support,Support Manager,Bengaluru,6/4/2024 8:12,,Active,60400,Mid,2.2,1.4,2.4,96,79,2,43.8,51,42,1,7,5,No,2.7,No
EMP11004,28,Female,Operations,Operations Executive,Hyderabad,11/30/2022 3:16,,Active,58100,Mid,3.8,2.1,4.7,100,72,2.3,39.4,11,27,1,7,5,No,3.7,No
EMP11005,29,Male,Marketing,Marketing Manager,Delhi NCR,5/18/2024 9:06,,Active,66900,Mid,2.3,1.7,4,95,91,3.4,43.2,15,34,1,4,6,Yes,2.9,No
EMP11006,27,Male,Operations,Operations Analyst,Bengaluru,5/11/2025 19:05,,Active,49500,Junior,1.3,0.7,2.1,86,65,2.8,42.3,18,25,0,9,3,No,2.5,No
EMP11007,32,Female,Operations,Operations Analyst,Mumbai,11/16/2023 1:47,,Active,55200,Mid,2.8,2.2,3.7,100,98,3.7,39.9,4,55,1,5,4,Yes,3.2,No
EMP11008,43,Female,Marketing,Digital Marketing Executive,Hyderabad,1/7/2020 6:55,,Active,83400,Senior,6.6,3.1,3.7,91,93,4.9,40.4,15,20,2,4,6,No,3.2,No
EMP11009,28,Male,Sales,Account Manager,Delhi NCR,7/2/2021 6:14,,Active,56300,Mid,5.2,4.6,2.9,100,85,2.8,40.5,15,20,2,9,12,No,2.7,No
EMP11010,35,Female,Finance,Finance Manager,Bengaluru,1/6/2025 10:56,,Active,63100,Mid,1.6,0.8,3.6,100,87,3.2,40.8,7,6,0,4,5,No,2.7,No
EMP11011,29,Male,Sales,Account Manager,Chennai,10/17/2021 3:26,,Active,59200,Mid,4.9,3.5,2.8,86,97,4,42.6,23,30,2,5,8,No,3.4,No
EMP11012,32,Female,Customer Support,Support Analyst,Hyderabad,12/13/2021 18:05,,Active,56500,Mid,4.7,4,2.4,100,95,2.8,40.7,6,54,2,11,9,No,2.3,No
EMP11013,23,Female,Customer Support,Support Executive,Chennai,9/30/2020 6:30,,Active,28900,Junior,5.9,2.7,3,99,90,2.8,41.5,21,30,2,6,5,No,2.3,No
EMP11014,32,Male,IT,System Engineer,Delhi NCR,3/14/2022 12:34,,Active,44500,Mid,4.5,3,3.6,100,78,3,41.2,23,31,2,7,6,No,3.6,No
EMP11015,33,Male,Operations,Operations Executive,Delhi NCR,7/7/2019 22:25,,Active,53000,Mid,7.2,4.4,4.2,100,98,4.2,40.6,5,42,3,10,7,No,4.7,No
EMP11016,38,Female,Customer Support,Support Analyst,Chennai,2/9/2019 10:05,,Active,98900,Senior,7.6,5.4,3.6,94,90,1.8,45.1,28,30,4,4,0,No,4.1,No
EMP11017,36,Female,IT,Data Analyst,Delhi NCR,4/27/2020 20:56,,Active,63100,Mid,6.3,3.5,4.2,100,98,2.6,39.1,3,45,2,3,6,Yes,4.5,No
EMP11018,26,Female,HR,HR Analyst,Hyderabad,5/21/2023 19:14,,Active,36700,Junior,3.3,1.6,4,100,97,4.8,35,8,47,1,5,5,No,2.1,No
EMP11019,42,Female,Customer Support,Support Manager,Mumbai,2/28/2019 5:53,,Active,95100,Senior,7.5,5.5,2.7,89,69,1,38.6,16,20,3,1,2,Yes,2.4,No
EMP11020,35,Female,IT,System Engineer,Delhi NCR,3/2/2025 9:02,,Active,51000,Mid,1.5,1,4,100,98,3.3,43.2,4,8,0,8,7,No,3.5,No
EMP11021,35,Female,Operations,Operations Executive,Bengaluru,5/10/2023 19:39,,Active,60400,Mid,3.3,2.4,4,100,98,4.8,42.7,2,38,2,4,6,Yes,4.2,No
EMP11022,34,Male,Sales,Sales Executive,Bengaluru,6/9/2020 11:46,,Active,47500,Mid,6.2,3.4,4.8,100,86,5,44.9,26,33,2,3,5,No,4,No
EMP11023,30,Male,Customer Support,Support Manager,Bengaluru,8/15/2023 18:55,,Active,62400,Mid,3,1.8,3.8,100,82,4.1,42.8,12,13,1,3,6,No,2.4,No
EMP11024,36,Male,Customer Support,Support Manager,Bengaluru,8/8/2022 21:15,,Active,61800,Mid,4.1,2.9,2.6,87,77,4.5,44.8,18,19,1,1,3,Yes,4.4,No
EMP11025,37,Male,Customer Support,Support Analyst,Chennai,2/22/2021 12:31,,Active,62000,Mid,5.5,3.9,3.1,98,77,2.5,40.3,9,18,2,10,10,No,3.4,No
EMP11026,22,Male,Finance,Accountant,Mumbai,6/27/2025 20:57,,Active,46200,Junior,1.2,0.7,2.1,86,77,2.6,42.2,15,30,1,2,6,No,4.1,No
EMP11027,30,Male,Customer Support,Support Manager,Hyderabad,9/28/2024 6:33,,Active,65400,Mid,1.9,1.1,3.9,100,98,4.9,41.1,24,42,0,9,5,Yes,3,No
EMP11028,32,Female,Marketing,Marketing Analyst,Pune,9/25/2023 2:37,,Active,51500,Mid,2.9,1.7,4.7,100,98,3.2,41.3,14,43,1,3,7,No,2.3,No
EMP11029,36,Female,Sales,Sales Manager,Delhi NCR,7/22/2022 12:31,,Active,68300,Mid,4.1,2.2,1.7,84,72,1.7,48,26,39,1,5,4,No,4.2,No
EMP11030,42,Female,Marketing,Digital Marketing Executive,Bengaluru,8/18/2020 15:21,,Active,88500,Senior,6,3.6,4.8,100,90,3.8,41.2,26,24,2,8,6,No,3.9,No
EMP11031,29,Male,IT,Data Analyst,Hyderabad,1/20/2023 3:51,,Active,46200,Mid,3.6,1.9,3.9,100,87,3.2,40.5,27,59,1,4,3,No,2.5,No
EMP11032,31,Male,HR,HR Analyst,Hyderabad,7/27/2024 10:26,,Active,59200,Mid,2.1,1.5,2.7,78,79,3.5,42.3,22,28,0,6,5,Yes,3,No
EMP11033,30,Male,Sales,Sales Manager,Hyderabad,3/18/2024 21:20,,Active,64500,Mid,2.5,1.8,3.7,98,84,1.3,40.8,14,23,1,6,4,No,4,No
EMP11034,28,Male,IT,Software Engineer,Pune,4/8/2022 15:10,,Active,52900,Mid,4.4,2.7,2.7,82,70,1,42.7,16,9,2,11,3,No,3.7,No
EMP11035,32,Male,IT,BI Developer,Chennai,4/9/2025 19:20,,Active,69300,Mid,1.4,0.8,3.8,99,98,3.7,42.2,2,23,0,7,6,No,3.9,No
EMP11036,39,Female,Operations,Operations Manager,Delhi NCR,4/27/2019 9:06,,Active,83500,Senior,7.3,4.1,3.5,95,84,3.1,39.8,6,34,3,8,4,No,3.1,No
EMP11037,27,Female,Sales,Sales Manager,Mumbai,3/20/2022 1:41,,Active,34600,Junior,4.4,3,3.7,82,87,3,48.5,26,6,3,3,3,No,4.6,No
EMP11038,37,Female,Operations,Operations Analyst,Hyderabad,2/25/2022 6:29,,Active,55300,Mid,4.5,3.9,2.8,94,92,3.8,44.7,13,15,3,5,5,No,3.4,No
EMP11039,22,Female,IT,System Engineer,Bengaluru,4/30/2019 3:12,,Active,26000,Junior,7.3,5.5,2.9,92,75,2.7,39,7,21,3,2,4,Yes,1.6,No
EMP11040,30,Male,Sales,Sales Executive,Chennai,12/30/2021 13:57,,Active,53000,Mid,4.7,3.7,3.9,88,90,3.2,40.3,4,17,2,4,1,Yes,3.6,No
EMP11041,32,Female,HR,Recruiter,Bengaluru,4/19/2020 18:06,,Active,55000,Mid,6.4,5.3,3.1,91,84,3,44.4,25,16,3,8,3,No,4,No
EMP11042,46,Female,Marketing,Digital Marketing Executive,Mumbai,6/5/2021 6:31,,Active,89100,Senior,5.2,3.2,3.6,100,98,4.2,41.4,28,44,2,7,5,No,3.7,No
EMP11043,32,Male,Sales,Sales Manager,Pune,10/8/2024 6:27,,Active,39000,Mid,1.9,0.9,3.8,95,90,1.7,37.1,18,5,0,7,6,No,3.2,No
EMP11044,21,Female,Operations,Operations Manager,Hyderabad,7/21/2023 4:32,,Active,43000,Junior,3.1,2.3,3.3,92,76,2.8,49.7,39,30,1,6,3,No,1.9,No
EMP11045,21,Male,Customer Support,Support Manager,Mumbai,6/4/2021 4:09,,Active,42900,Junior,5.2,2.8,4.4,100,98,4.4,40.9,29,35,2,5,6,No,3,No
EMP11046,34,Female,Operations,Operations Executive,Delhi NCR,9/17/2024 20:28,,Active,68300,Mid,2,1.4,3.4,94,85,2.6,44.4,18,21,1,9,3,Yes,3.1,No
EMP11047,38,Female,Sales,Sales Executive,Pune,7/10/2025 22:35,,Active,79600,Senior,1.1,0.9,3.3,100,98,3.5,42.4,5,25,1,4,7,No,3,No
EMP11048,37,Male,IT,System Engineer,Mumbai,6/17/2023 21:39,,Active,58000,Mid,3.2,2.6,3,100,98,4.9,40.5,20,27,2,13,5,No,4,No
EMP11049,35,Female,Customer Support,Support Executive,Pune,6/21/2023 16:23,,Active,66600,Mid,3.2,1.9,4.3,100,98,3.5,46.9,16,37,1,6,5,No,3.2,No
EMP11050,42,Female,IT,System Engineer,Bengaluru,7/12/2023 1:48,,Active,97200,Senior,3.1,2.1,3,100,98,5,40.9,6,49,1,3,9,Yes,4.6,No
EMP11051,30,Female,Customer Support,Support Manager,Pune,6/22/2025 20:05,,Active,70400,Mid,1.2,0.9,4.4,100,98,4.7,40.7,3,10,0,8,3,Yes,3.3,No
EMP11052,40,Male,HR,HR Manager,Pune,5/15/2024 4:43,,Active,90700,Senior,2.3,1.9,3.6,85,96,2.8,36.7,4,15,2,2,2,No,4.5,No
EMP11053,23,Female,Customer Support,Support Manager,Bengaluru,10/24/2019 21:07,,Active,37600,Junior,6.9,5.5,5,100,76,2.3,40.3,45,16,3,6,7,No,3.7,No
EMP11054,28,Male,Marketing,Marketing Manager,Delhi NCR,1/13/2023 15:53,,Active,49100,Mid,3.6,3.2,3,100,90,2.9,39.6,2,28,2,5,12,Yes,3.7,No
EMP11055,21,Male,Customer Support,Support Analyst,Bengaluru,12/21/2025 10:25,,Active,45500,Junior,0.7,0.3,4.5,100,93,3.7,46.7,28,22,1,5,3,No,3,No
EMP11056,32,Male,Sales,Sales Executive,Hyderabad,11/22/2019 0:49,,Active,56800,Mid,6.8,4.4,3.9,100,92,3.7,36.3,8,37,3,6,6,No,2.4,No
EMP11057,34,Female,Marketing,Marketing Manager,Delhi NCR,3/2/2020 10:23,,Active,60200,Mid,6.5,3.7,3.1,100,84,4,41,5,19,2,5,3,No,3.4,No
EMP11058,35,Female,Finance,Accountant,Hyderabad,1/2/2020 3:20,,Active,59800,Mid,6.7,3.4,3.9,100,94,2.6,41.1,7,16,3,4,6,No,4.8,No
EMP11059,34,Female,Finance,Finance Manager,Bengaluru,1/23/2023 15:28,,Active,43200,Mid,3.6,3.1,3.9,100,70,2.7,46.9,30,17,1,7,9,Yes,3.1,No
EMP11060,28,Female,Operations,Operations Manager,Bengaluru,10/26/2019 18:00,,Active,54300,Mid,6.8,6.1,3.3,100,98,3.9,44.3,14,30,4,5,4,No,3,No
EMP11061,33,Male,Customer Support,Support Executive,Bengaluru,9/2/2025 4:03,,Active,63200,Mid,1,0.5,3.8,100,93,5,44,29,41,0,4,5,No,3.4,No
EMP11062,24,Male,Customer Support,Support Manager,Mumbai,5/28/2024 1:19,,Active,37700,Junior,2.3,1.1,4.4,100,95,2.4,42,18,27,2,10,6,Yes,4.9,No
EMP11063,44,Male,Marketing,Marketing Analyst,Delhi NCR,8/30/2022 14:32,,Active,93200,Senior,4,2.3,3.9,96,98,3.3,40.2,16,20,1,4,2,No,4.1,No
EMP11064,32,Male,Finance,Financial Analyst,Pune,7/6/2025 21:17,,Active,65500,Mid,1.2,1,3.2,96,98,3.1,38.4,10,14,0,6,4,Yes,4.5,No
EMP11065,31,Male,Finance,Financial Analyst,Hyderabad,6/14/2020 10:48,,Active,54200,Mid,6.2,3.6,3.1,100,91,3.5,39.6,9,48,3,7,7,No,1.9,No
EMP11066,45,Male,Operations,Operations Executive,Delhi NCR,2/26/2023 23:59,,Active,86400,Senior,3.5,1.7,3.4,72,73,2.3,40,22,3,1,7,5,No,2.8,No
EMP11067,25,Male,Sales,Account Manager,Chennai,8/4/2020 6:11,,Active,37000,Junior,6.1,2.9,4.3,100,98,3.5,40.2,4,25,2,9,6,No,2.9,No
EMP11068,26,Male,IT,System Engineer,Hyderabad,3/30/2022 4:11,,Active,43400,Junior,4.4,2.8,2.9,100,98,,40.4,4,38,3,8,6,No,4.4,No
EMP11069,26,Male,Sales,Sales Executive,Chennai,8/5/2023 2:46,,Active,36400,Junior,3.1,2.7,3.8,100,89,1.9,40.9,13,25,2,3,5,No,4,No
EMP11070,34,Male,Sales,Sales Manager,Delhi NCR,1/4/2022 21:55,,Active,47500,Mid,4.7,2.7,2.3,89,93,4.3,42.6,19,20,2,7,3,No,4.3,No
EMP11071,37,Female,Sales,Sales Executive,Mumbai,8/12/2022 9:31,,Active,58600,Mid,4.1,2.6,3.9,96,94,2.3,39.6,6,35,1,5,5,No,2,No
EMP11072,39,Female,Sales,Sales Manager,Bengaluru,1/10/2022 13:41,,Active,95100,Senior,4.6,2.3,4.1,100,98,3.6,42.4,2,13,2,5,7,Yes,4.4,No
EMP11073,52,Female,IT,System Engineer,Hyderabad,11/14/2025 19:25,,Active,134500,Lead,0.8,0.5,5,100,81,3.8,44.4,31,4,0,5,6,Yes,4,No
EMP11074,21,Male,IT,Data Analyst,Bengaluru,11/11/2023 7:29,,Active,40000,Junior,2.8,2.1,4.2,100,98,3.7,39.8,8,33,1,7,6,Yes,2.8,No
EMP11075,38,Male,Customer Support,Support Manager,Mumbai,12/29/2021 18:05,,Active,79600,Senior,4.7,2.7,3.2,100,88,3.1,38,7,14,2,7,9,Yes,3.3,No
EMP11076,30,Female,Finance,Accountant,Delhi NCR,7/24/2021 20:11,,Active,57200,Mid,5.1,3,2.3,91,97,4,41.2,11,30,2,5,6,Yes,2.8,No
EMP11077,30,Male,Sales,Sales Manager,Delhi NCR,10/28/2023 21:38,,Active,63300,Mid,2.8,2.3,3.9,96,90,2.3,45,17,26,1,3,4,No,3.4,No
EMP11078,30,Male,Operations,Operations Analyst,Hyderabad,8/7/2021 0:53,,Active,66100,Mid,5.1,2.3,3.3,100,96,4.2,43.8,19,32,3,10,5,Yes,3.9,No
EMP11079,28,Male,IT,Software Engineer,Bengaluru,7/18/2021 10:28,,Active,63500,Mid,5.1,3.8,3.8,94,89,3,46.5,37,25,3,6,7,No,4.6,No
EMP11080,46,Male,Customer Support,Support Manager,Mumbai,12/27/2022 22:38,,Active,88200,Senior,3.7,2.3,3,100,87,3.7,43.1,10,36,1,3,6,Yes,2.7,No
EMP11081,40,Male,Marketing,Marketing Manager,Hyderabad,4/6/2022 2:46,,Active,96000,Senior,4.4,2.6,3.4,100,98,3.1,44.4,11,18,2,6,6,No,3.1,No
EMP11082,34,Male,IT,BI Developer,Chennai,12/27/2025 17:23,,Active,55500,Mid,0.7,0.5,2.2,100,98,4.8,42.4,2,39,0,4,4,No,2.6,No
EMP11083,43,Female,Finance,Finance Manager,Hyderabad,8/18/2022 2:17,,Active,91300,Senior,4,3.3,2.7,97,92,3.8,42.7,19,11,1,2,6,Yes,4.1,No
EMP11084,23,Male,Customer Support,Support Manager,Chennai,10/31/2023 22:54,,Active,43200,Junior,2.8,2,2.6,94,91,4,39.9,7,44,2,6,5,Yes,2.2,No
EMP11085,25,Male,Customer Support,Support Analyst,Pune,4/21/2021 5:06,,Active,42000,Junior,5.4,2.5,4.2,100,95,4.1,43.4,10,57,2,4,8,Yes,3.6,No
EMP11086,21,Female,Finance,Accountant,Hyderabad,10/17/2024 21:16,,Active,42200,Junior,1.9,1.2,2.9,88,84,3.2,38.7,38,30,0,8,7,No,2.5,No
EMP11087,29,Male,Operations,Operations Executive,Bengaluru,3/26/2023 2:25,,Active,64000,Mid,3.4,2.2,4.5,100,98,3.7,44.2,8,50,1,4,3,No,3.5,No
EMP11088,35,Male,IT,Software Engineer,Hyderabad,7/19/2022 19:29,,Active,52700,Mid,4.1,2.8,2.9,100,98,3.5,44.4,21,54,1,6,9,No,4.4,No
EMP11089,35,Female,Customer Support,Support Executive,Hyderabad,11/12/2020 21:28,,Active,60100,Mid,5.8,4.4,5,100,98,4,45,7,24,2,6,8,Yes,3.1,No
EMP11090,35,Male,Sales,Account Manager,Hyderabad,6/14/2020 12:32,,Active,53600,Mid,6.2,2.8,2,83,80,3,40.5,26,29,2,5,6,No,3.7,No
EMP11091,24,Male,Customer Support,Support Manager,Delhi NCR,6/17/2024 23:58,,Active,36000,Junior,2.2,1.5,3.8,93,94,2.8,45.9,24,17,1,3,4,No,2.8,No
EMP11092,40,Male,Operations,Operations Manager,Delhi NCR,8/13/2022 4:18,,Active,81800,Senior,4,2.9,3.5,100,98,4.5,42.4,6,18,1,3,5,Yes,3.4,No
EMP11093,36,Male,Operations,Operations Executive,Mumbai,4/29/2022 17:41,,Active,62400,Mid,4.3,2.6,2.6,100,94,4.1,39.2,6,31,1,6,3,Yes,2.3,No
EMP11094,39,Male,Finance,Finance Manager,Delhi NCR,3/30/2020 19:34,,Active,76200,Senior,6.4,4.8,3.1,91,67,2.6,44,35,5,2,2,3,Yes,4.1,No
EMP11095,21,Female,Sales,Account Manager,Bengaluru,7/30/2024 0:02,,Active,42300,Junior,2.1,1.2,3.3,100,87,5,40.7,10,40,0,7,8,No,3.2,No
EMP11096,36,Male,IT,BI Developer,Pune,8/3/2025 8:25,,Active,60100,Mid,1.1,0.7,3.7,96,98,2.9,40.6,12,30,0,3,4,No,3.3,No
EMP11097,26,Female,Sales,Sales Executive,Bengaluru,5/5/2021 11:53,,Active,51300,Junior,5.3,4.7,2.8,100,98,3.5,38,11,38,2,4,5,Yes,3.6,No
EMP11098,31,Male,IT,Data Analyst,Bengaluru,6/9/2019 9:50,,Active,58600,Mid,7.2,4.4,3.8,100,98,4.5,43.2,2,25,3,2,6,No,1.9,No
EMP11099,38,Male,Marketing,Digital Marketing Executive,Delhi NCR,12/22/2024 1:33,,Active,88600,Senior,1.7,1,3.6,100,79,4.4,41.3,29,37,0,6,4,Yes,2.9,No
EMP11100,35,Female,Sales,Account Manager,Hyderabad,5/14/2025 10:03,,Active,64800,Mid,1.3,0.9,4.1,100,98,2.8,37.8,3,31,0,5,5,Yes,3.6,No
EMP11101,28,Male,IT,Software Engineer,Delhi NCR,1/15/2025 8:26,,Active,59000,Mid,1.6,1.4,2.9,100,92,3.9,44.6,13,35,0,4,4,No,3.4,No
EMP11102,34,Male,Customer Support,Support Manager,Mumbai,3/29/2024 0:47,,Active,61900,Mid,2.4,2.1,3.2,100,98,3.1,38.2,14,41,1,6,4,Yes,5,No
EMP11103,23,Male,Customer Support,Support Analyst,Delhi NCR,12/18/2023 20:45,,Active,45000,Junior,2.7,1.9,4.6,100,98,3.8,41.1,15,10,1,9,7,Yes,4.5,No
EMP11104,42,Male,Customer Support,Support Executive,Mumbai,9/14/2022 7:55,,Active,88100,Senior,4,1.8,2.8,79,89,3.3,39.5,16,18,2,6,4,No,3.6,No
EMP11105,33,Male,Customer Support,Support Manager,Chennai,11/28/2021 21:00,,Active,68400,Mid,4.8,4.1,2.5,100,91,3,46.5,19,60,2,7,5,No,2.7,No
EMP11106,42,Female,IT,Software Engineer,Chennai,8/5/2021 2:11,,Active,78200,Senior,5.1,3.6,3,92,75,2.5,46.5,29,31,2,12,5,Yes,3.1,No
EMP11107,30,Male,Sales,Sales Manager,Delhi NCR,10/19/2024 3:01,,Active,71200,Mid,1.9,1.2,2.2,97,98,4.5,38.3,3,4,0,7,7,No,4,No
EMP11108,30,Male,Operations,Operations Manager,Mumbai,8/16/2023 14:56,,Active,47500,Mid,3,2.5,4.8,100,85,2.7,39.1,13,4,1,14,3,No,3.6,No
EMP11109,29,Male,Operations,Operations Executive,Hyderabad,7/23/2023 5:22,,Active,69500,Mid,3.1,2,3.3,92,95,4.7,43.4,12,27,2,6,2,No,4.5,No
EMP11110,40,Female,IT,BI Developer,Bengaluru,11/2/2023 23:15,,Active,76900,Senior,2.8,1.3,3.3,84,90,3.1,43.1,16,21,1,11,6,No,3.6,No
EMP11111,29,Male,Marketing,Marketing Analyst,Delhi NCR,9/30/2024 11:31,,Active,73900,Mid,1.9,1.6,4.1,100,89,3.8,39.5,3,17,1,10,5,Yes,3.6,No
EMP11112,39,Female,Sales,Sales Executive,Mumbai,8/24/2021 7:26,,Active,91100,Senior,5,3.5,3,93,98,4.8,41.6,22,53,2,5,5,Yes,4.8,No
EMP11113,31,Female,Sales,Sales Manager,Chennai,6/27/2021 12:08,,Active,53400,Mid,5.2,3.1,3.3,100,98,3,40.2,6,23,3,4,2,No,2.6,No
EMP11114,21,Female,HR,Recruiter,Bengaluru,8/20/2019 13:07,,Active,51100,Junior,7,3.9,2.9,92,91,3.8,45.5,26,39,3,8,3,Yes,4.9,No
EMP11115,30,Male,HR,HR Manager,Delhi NCR,7/30/2024 0:55,,Active,52400,Mid,2.1,1.5,2.2,100,90,3.8,45.7,14,32,0,8,5,No,4.1,No
EMP11116,26,Male,HR,HR Analyst,Hyderabad,10/1/2020 5:48,,Active,36400,Junior,5.9,3.2,3.5,100,94,2.8,46.6,16,24,2,4,7,Yes,5,No
EMP11117,34,Female,IT,BI Developer,Delhi NCR,5/23/2021 1:49,,Active,78200,Mid,5.3,3.2,4.3,100,78,3.6,39.4,10,12,2,5,7,No,2.9,No
EMP11118,26,Female,Customer Support,Support Manager,Bengaluru,5/30/2024 16:38,,Active,40800,Junior,2.3,1.7,3.6,100,87,4.1,43.1,24,39,2,4,8,No,4.8,No
EMP11119,40,Female,Sales,Sales Executive,Chennai,11/1/2020 10:01,,Active,75800,Senior,5.8,4.9,4.2,94,95,4.9,48.1,38,3,2,10,3,No,3.6,No
EMP11120,33,Male,IT,System Engineer,Delhi NCR,3/16/2024 13:25,,Active,58100,Mid,2.5,1.7,2.7,98,91,3,40.3,20,40,1,7,4,No,3.4,No
EMP11121,33,Male,Customer Support,Support Manager,Hyderabad,9/22/2021 8:09,,Active,57500,Mid,4.9,3.9,2.9,96,92,3.7,39.4,9,30,2,6,6,No,3.7,No
EMP11122,39,Male,Customer Support,Support Manager,Bengaluru,11/29/2021 5:06,10/16/2024 5:06,Exited,91300,Senior,4.8,3.8,2.5,95,83,3.3,45.2,26,37,2,4,7,No,3.6,Yes
EMP11123,41,Female,Customer Support,Support Analyst,Delhi NCR,3/30/2023 17:06,,Active,89700,Senior,3.4,2.5,3.8,97,98,3.6,41.1,18,28,2,9,4,No,2.9,No
EMP11124,34,Male,Marketing,Digital Marketing Executive,Delhi NCR,8/23/2023 13:06,,Active,63800,Mid,3,1.7,3.3,98,74,2.9,37.4,9,11,2,3,7,No,3.4,No
EMP11125,29,Male,Operations,Operations Analyst,Bengaluru,3/13/2022 14:12,,Active,49300,Mid,4.5,3.8,3.2,100,98,3.2,41.3,27,34,2,4,6,No,3.7,No
EMP11126,22,Female,HR,HR Analyst,Bengaluru,11/9/2020 16:06,,Active,34200,Junior,5.8,3.7,4,100,98,4.8,47,36,40,3,6,11,Yes,3.2,No
EMP11127,29,Male,IT,System Engineer,Pune,3/18/2019 15:04,,Active,62200,Mid,7.5,3.5,3.1,100,84,3.5,44.1,28,21,3,6,9,Yes,3.9,No
EMP11128,30,Female,Finance,Financial Analyst,Bengaluru,4/25/2019 22:11,,Active,54700,Mid,7.4,4.1,4.3,100,98,3.5,37.5,11,37,4,13,5,Yes,3.3,No
EMP11129,35,Male,Sales,Account Manager,Bengaluru,11/5/2025 6:33,,Active,67700,Mid,0.8,0.6,3.7,100,95,2.6,43.2,38,32,0,10,4,No,3.9,No
EMP11130,32,Male,Sales,Sales Executive,Delhi NCR,11/23/2025 22:24,,Active,54800,Mid,0.8,0.4,3.2,100,86,4.4,47.6,24,34,1,6,2,No,3.8,No
EMP11131,39,Male,Operations,Operations Analyst,Pune,7/2/2021 19:06,,Active,91000,Senior,5.2,2.7,2.3,100,98,4.2,42.1,18,16,2,7,6,No,3.9,No
EMP11132,30,Female,Finance,Financial Analyst,Bengaluru,2/5/2022 17:19,,Active,59300,Mid,4.6,3.5,4,100,97,3.5,40.8,11,46,3,4,4,No,2.4,No
EMP11133,34,Male,it,Software Engineer,Delhi NCR,12/27/2023 7:39,,Active,52900,Mid,2.7,2.3,3.7,100,98,5,44.8,38,32,1,6,8,No,4.4,No
EMP11134,42,Male,Sales,Sales Manager,Bengaluru,10/9/2019 19:48,,Active,90400,Senior,6.9,5.1,3.7,100,98,2.9,41.4,7,40,3,7,5,Yes,2.8,No
EMP11135,36,Female,Operations,Operations Analyst,Bengaluru,9/28/2022 6:33,,Active,50800,Mid,3.9,2.1,3.8,100,89,2.5,41.5,20,23,1,6,3,No,3.4,No
EMP11136,34,Male,IT,BI Developer,Bengaluru,12/28/2025 16:37,,Active,56900,Mid,0.7,0.3,3.1,100,98,3.3,43.6,2,42,0,4,6,No,3,No
EMP11137,30,Male,Customer Support,Support Executive,Pune,3/29/2022 3:24,,Active,60200,Mid,4.4,3.2,3.4,98,84,2.6,40.9,17,22,3,7,2,No,3.6,No
EMP11138,30,Male,Finance,Finance Manager,Bengaluru,1/30/2022 4:35,,Active,50000,Mid,4.6,2.2,3.2,100,80,3.6,48,44,16,2,13,7,Yes,3.4,No
EMP11139,28,Male,Finance,Accountant,Bengaluru,3/29/2025 20:08,,Active,64400,Mid,1.4,1,4.4,100,95,3.5,46.9,19,53,1,7,4,No,4,No
EMP11140,30,Female,HR,Recruiter,Delhi NCR,3/29/2022 17:41,,Active,61800,Mid,4.4,2.4,3.3,96,89,4.4,41.9,8,3,2,8,4,No,3.5,No
EMP11141,39,Male,Marketing,Marketing Analyst,Pune,5/24/2025 14:05,,Active,93700,Senior,1.3,1.1,3,94,98,3,38.8,11,70,0,5,4,No,3.2,No
EMP11142,32,Male,Sales,Sales Manager,Mumbai,6/2/2021 12:48,,Active,60000,Mid,5.2,3.5,4.5,100,98,3.7,42.3,15,38,2,1,13,No,2.1,No
EMP11143,25,Male,Operations,Operations Executive,Delhi NCR,11/14/2024 21:36,,Active,29900,Junior,1.8,1,4.4,100,89,3.6,40.2,13,24,1,5,6,Yes,4.2,No
EMP11144,46,Female,HR,HR Analyst,Bengaluru,1/29/2021 3:15,,Active,90000,Senior,5.6,4.7,3.7,100,98,4.1,45,22,33,3,4,6,Yes,3.9,No
EMP11145,36,Male,Sales,Sales Executive,Delhi NCR,6/22/2025 21:24,,Active,64400,Mid,1.2,0.7,3.4,95,98,2.4,41.9,11,38,1,6,2,No,4.2,No
EMP11146,24,Male,Customer Support,Support Analyst,Delhi NCR,12/3/2019 18:42,,Active,29700,Junior,6.7,3.9,3.2,100,95,2.6,42.6,23,23,3,9,8,Yes,3.4,No
EMP11147,31,Male,Marketing,Digital Marketing Executive,Delhi NCR,12/20/2019 20:42,,Active,52200,Mid,6.7,5.5,3.5,100,95,2.9,39.9,19,56,4,8,10,Yes,3.8,No
EMP11148,35,Male,Operations,Operations Analyst,Mumbai,7/8/2020 11:20,,Active,58300,Mid,6.1,3.6,2.8,98,84,2.4,35.8,4,49,3,6,1,No,3,No
EMP11149,46,Male,Customer Support,Support Manager,Mumbai,12/16/2021 2:02,,Active,87400,Senior,4.7,3,3.9,100,98,4,39.3,11,66,3,7,2,No,2.9,No
EMP11150,26,Male,Customer Support,Support Manager,Bengaluru,2/2/2025 22:58,,Active,37900,Junior,1.6,1,4.7,100,98,4,44.1,20,11,0,7,5,No,3.3,No
EMP11151,41,Female,Operations,Operations Manager,Mumbai,1/28/2019 12:46,,Active,88000,Senior,7.6,3.8,3.9,100,98,4.4,43.3,3,31,4,11,8,No,4.2,No
EMP11152,44,Male,Marketing,Marketing Analyst,Bengaluru,10/31/2022 12:02,,Active,91100,Senior,3.8,1.8,2.7,90,85,3.3,40.2,8,9,1,8,5,No,3.3,No
EMP11153,30,Female,Operations,Operations Executive,Pune,10/30/2022 14:07,,Active,68600,Mid,3.8,2.9,3.8,91,95,3,38.8,9,13,1,9,5,Yes,3.5,No
EMP11154,32,Female,Operations,Operations Analyst,Chennai,1/8/2021 12:02,,Active,63800,Mid,5.6,4.1,3.6,87,89,2.5,43.7,26,23,2,3,3,No,3.7,No
EMP11155,27,Male,Operations,Operations Executive,Chennai,5/4/2020 11:42,,Active,38400,Junior,6.3,3.6,3.8,100,96,4.6,43.2,12,24,2,10,6,No,3.5,No
EMP11156,33,Male,Operations,Operations Manager,Pune,12/8/2024 15:28,,Active,52300,Mid,1.7,1,2.9,88,90,3.2,44.3,19,33,0,4,5,No,4.3,No
EMP11157,34,Male,IT,BI Developer,Hyderabad,11/19/2025 14:30,,Active,54900,Mid,0.8,0.7,3.5,100,63,2.7,47.4,55,26,1,8,8,Yes,2.9,No
EMP11158,39,Female,Customer Support,Support Analyst,Hyderabad,11/3/2021 8:17,,Active,95900,Senior,4.8,4.3,4.2,100,98,4.1,46.4,10,39,2,5,5,No,3.6,No
EMP11159,42,Male,Customer Support,Support Analyst,Mumbai,1/22/2020 14:09,,Active,86700,Senior,6.6,4.4,2.7,95,95,3.1,44.7,12,32,2,4,3,No,3.9,No
EMP11160,29,Male,IT,Data Analyst,Hyderabad,7/31/2020 19:16,,Active,53200,Mid,6.1,4.9,3.2,100,77,2.4,39.3,19,51,2,6,4,No,2.2,No
EMP11161,21,Male,Marketing,Marketing Manager,Delhi NCR,12/20/2021 18:26,,Active,52700,Junior,4.7,3.7,3.3,100,92,2.6,38,13,40,2,7,3,No,3.7,No
EMP11162,34,Female,IT,Data Analyst,Delhi NCR,2/10/2020 20:43,,Active,70700,Mid,6.6,3.9,4.2,93,94,3.5,38.3,9,11,2,1,3,No,4.6,No
EMP11163,36,Female,Sales,Sales Executive,Pune,9/1/2019 12:30,,Active,59100,Mid,7,3.3,4.4,96,98,2.4,44,9,26,3,6,2,No,3.2,No
EMP11164,36,Male,Operations,Operations Analyst,Mumbai,6/3/2024 19:08,,Active,52400,Mid,2.2,1.1,2.1,84,73,3.3,37.9,17,27,1,1,4,Yes,2.6,No
EMP11165,32,Female,IT,BI Developer,Mumbai,10/20/2022 17:10,,Active,65100,Mid,3.9,3.2,4.2,100,98,2.6,41.1,0,34,1,5,9,No,3.9,No
EMP11166,35,Male,Marketing,Marketing Analyst,Chennai,2/26/2025 1:38,,Active,56600,Mid,1.5,1.2,4.4,100,98,2.5,41.8,18,43,0,4,6,No,3.6,No
EMP11167,45,Male,Marketing,Marketing Analyst,Bengaluru,11/28/2019 18:36,,Active,96200,Senior,6.8,5.1,4.3,100,82,3,37.9,8,32,3,3,4,Yes,4.7,No
EMP11168,37,Female,Finance,Financial Analyst,Delhi NCR,7/18/2021 23:52,,Active,56600,Mid,5.1,2.6,3.1,88,98,3.5,41.6,8,36,2,6,3,No,3.9,No
EMP11169,31,Male,IT,Data Analyst,Chennai,10/29/2021 13:06,,Active,71500,Mid,4.8,3.5,3.3,98,96,3.7,39.9,3,12,2,6,6,No,2.7,No
EMP11170,30,Male,Sales,Sales Executive,Hyderabad,6/4/2023 12:29,,Active,56400,Mid,3.2,2.6,2.3,89,75,4.2,44.3,18,22,1,4,5,Yes,2.7,No
EMP11171,33,Male,Operations,Operations Analyst,Delhi NCR,5/26/2025 19:11,12/17/2025 19:11,Exited,76600,Mid,1.3,1.1,1.9,71,79,2.7,37.6,13,3,0,3,1,Yes,4.2,Yes
EMP11172,45,Female,Customer Support,Support Manager,Mumbai,11/3/2024 9:06,,Active,91400,Senior,1.8,0.8,3.2,95,98,4.7,38.8,8,34,0,3,5,No,3.8,No
EMP11173,33,Female,Operations,Operations Analyst,Mumbai,2/2/2022 3:55,,Active,,Mid,4.6,3.5,3.6,92,90,5,41.3,28,40,3,6,2,Yes,3.5,No
EMP11174,34,Female,Sales,Account Manager,Pune,6/23/2023 7:06,,Active,56200,Mid,3.2,1.5,3.6,94,84,3,43.5,15,10,2,5,4,Yes,3.6,No
EMP11175,31,Female,Operations,Operations Analyst,Delhi NCR,8/10/2025 19:24,,Active,50800,Mid,1.1,0.8,4.1,100,96,1.8,41.9,20,30,1,5,9,No,3.9,No
EMP11176,42,Male,HR,HR Analyst,Delhi NCR,11/24/2020 2:13,,Active,73900,Senior,5.8,4.3,5,100,92,1.8,45.6,21,27,2,7,2,No,3.8,No
EMP11177,48,Male,Marketing,Marketing Manager,Bengaluru,3/5/2019 17:39,,Active,133900,Lead,7.5,3.9,3.2,100,88,3,40.1,9,52,3,2,7,No,2.3,No
EMP11178,37,Male,IT,BI Developer,Bengaluru,8/31/2025 1:55,,Active,60500,Mid,1,0.8,2.7,97,82,2.8,41.2,5,15,0,10,6,No,4.5,No
EMP11179,35,Male,Marketing,Digital Marketing Executive,Chennai,4/17/2021 8:08,,Active,51300,Mid,5.4,2.6,3.9,100,98,3.4,45.1,11,41,2,3,1,Yes,4.5,No
EMP11180,34,Male,HR,Recruiter,Mumbai,10/7/2022 23:58,,Active,69200,Mid,3.9,3.2,3.7,100,98,3.9,38.1,20,44,1,5,5,Yes,4.9,No
EMP11181,21,Female,Customer Support,Support Manager,Hyderabad,7/31/2022 10:33,,Active,46100,Junior,4.1,2.3,3.1,100,92,2.2,40.4,3,25,1,5,10,Yes,4.8,No
EMP11182,39,Male,Sales,Sales Manager,Bengaluru,12/25/2025 4:56,,Active,99700,Senior,0.7,0.5,4.2,100,92,3.2,44.2,34,32,0,11,8,No,4.6,No
EMP11183,35,Male,Operations,Operations Analyst,Hyderabad,11/8/2024 5:16,,Active,50600,Mid,1.8,1.6,2.9,100,98,2.9,41,24,43,0,5,6,No,3.3,No
EMP11184,37,Male,Customer Support,Support Manager,Chennai,6/12/2021 0:35,,Active,68700,Mid,5.2,3.1,3.4,100,98,5,40.2,5,13,2,7,6,No,3.7,No
EMP11185,29,Male,IT,Software Engineer,Delhi NCR,6/3/2020 3:44,,Active,62700,Mid,6.2,4.2,3.4,100,98,2.2,42,10,,2,6,4,Yes,4.4,No
EMP11186,31,Female,Customer Support,Support Executive,Bengaluru,11/12/2023 0:26,,Active,70000,Mid,2.8,1.8,2.8,100,82,2.7,38.9,6,31,1,4,6,Yes,2.1,No
EMP11187,31,Male,Operations,Operations Executive,Delhi NCR,2/23/2023 19:55,,Active,63800,Mid,3.5,1.8,2.2,95,87,3.4,41.6,12,57,2,7,5,Yes,3.3,No
EMP11188,41,Male,IT,System Engineer,Pune,10/13/2020 12:30,,Active,91200,Senior,5.9,4.2,3.7,100,98,2.7,38.5,8,22,2,6,4,No,2.1,No
EMP11189,31,Female,Sales,Sales Executive,Mumbai,7/19/2024 21:39,,Active,68800,Mid,2.1,1.6,4.5,100,98,4.4,42.5,24,24,0,6,9,No,3.7,No
EMP11190,49,Male,Operations,Operations Manager,Pune,9/27/2024 16:48,,Active,131000,Lead,1.9,1.6,4.2,100,98,2.5,42.9,5,50,0,6,8,No,4.5,No
EMP11191,37,Male,IT,Software Engineer,Hyderabad,2/26/2024 20:55,,Active,67600,Mid,2.5,2.1,4.3,100,98,2.6,44.3,15,37,1,4,4,No,3.5,No
EMP11192,25,Male,HR,HR Analyst,Chennai,9/28/2024 21:19,,Active,34600,Junior,1.9,1.3,2.9,100,98,4.5,43.6,5,59,1,4,10,No,3,No
EMP11193,33,Female,Sales,Sales Executive,Hyderabad,4/4/2020 13:55,,Active,58800,Mid,6.4,5,3.7,100,80,2.3,43.9,33,43,2,9,4,No,3.7,No
EMP11194,29,Female,Operations,Operations Manager,Bengaluru,10/30/2025 5:18,,Active,47900,Mid,0.8,0.6,2.4,100,96,4.2,40.3,9,26,0,5,4,Yes,3.8,No
EMP11195,21,Female,IT,System Engineer,Mumbai,10/17/2019 7:54,,Active,34100,Junior,6.9,4.6,3.6,100,81,3,45.7,31,24,3,6,7,Yes,3.9,No
EMP11196,45,Male,Customer Support,Support Manager,Bengaluru,10/30/2024 17:29,,Active,95500,Senior,1.8,0.9,4.5,100,86,2.8,46.9,32,16,0,9,6,No,2.5,No
EMP11197,39,Female,Customer Support,Support Manager,Chennai,3/7/2022 9:12,,Active,93900,Senior,4.5,2.9,4.6,100,98,2.9,41.2,8,10,3,5,6,No,3.7,No
EMP11198,38,Male,Customer Support,Support Analyst,Pune,4/1/2024 17:44,,Active,83100,Senior,2.4,2,5,100,98,,45.9,17,33,1,10,6,Yes,3.6,No
EMP11199,35,Male,Operations,Operations Analyst,Hyderabad,4/16/2020 18:08,,Active,69000,Mid,6.4,4.6,4.2,95,98,4.2,43.8,16,37,2,3,3,Yes,,No
EMP11200,24,Male,IT,BI Developer,Mumbai,5/25/2023 20:36,,Active,58800,Junior,3.3,2.6,3.9,96,95,3.5,39.4,7,38,2,4,3,Yes,3.4,No
EMP11201,31,Male,Operations,Operations Executive,Bengaluru,1/18/2020 2:00,,Active,53700,Mid,6.6,3.5,4.2,100,98,4.2,42.4,28,26,2,7,5,Yes,5,No
EMP11202,40,Male,IT,System Engineer,Pune,2/16/2023 7:21,,Active,88600,Senior,3.5,3.1,4,100,98,4.5,41.3,11,55,2,10,3,No,3.6,No
EMP11203,27,Female,IT,Software Engineer,Delhi NCR,3/26/2024 2:18,,Active,33600,Junior,2.4,1.5,2.9,100,89,3.9,36.4,3,9,2,7,2,No,3.1,No
EMP11204,21,Female,Sales,Account Manager,Bengaluru,10/17/2021 23:41,,Active,37300,Junior,4.9,3.6,2.4,86,72,2.1,40.9,18,7,3,5,4,No,2.7,No
EMP11205,32,Male,Finance,Finance Manager,Hyderabad,8/29/2023 8:35,,Active,61900,Mid,3,1.4,4.2,100,92,2.5,43.1,2,17,2,6,2,Yes,3.1,No
EMP11206,33,Male,Marketing,Marketing Manager,Bengaluru,6/26/2019 13:32,,Active,55100,Mid,7.2,3.7,5,100,90,4.2,44.9,12,28,3,4,2,No,2.9,No
EMP11207,35,Male,Operations,Operations Analyst,Mumbai,6/11/2019 19:18,,Active,58100,Mid,7.2,5.8,4.2,100,98,3.4,42.7,16,13,3,7,6,No,3.4,No
EMP11208,39,Male,Finance,Financial Analyst,Delhi NCR,12/8/2025 8:15,,Active,90600,Senior,0.7,0.6,2.1,92,98,4,43.3,17,47,0,7,3,No,4.8,No
EMP11209,38,Male,Sales,Sales Manager,Bengaluru,1/11/2022 9:24,,Active,93300,Senior,4.6,2.7,3.1,92,74,3.3,40.5,10,18,2,5,3,Yes,2.3,No
EMP11210,36,Male,Customer Support,Support Analyst,Chennai,7/5/2019 7:29,,Active,70300,Mid,7.2,3.4,3.4,99,81,3,40.5,17,15,3,5,5,No,2.4,No
EMP11211,42,Female,Finance,Accountant,Bengaluru,11/28/2025 9:33,,Active,89900,Senior,0.8,0.5,2.1,86,98,4,41.8,3,43,0,1,4,No,3.3,No
EMP11212,23,Male,Finance,Accountant,Bengaluru,10/7/2020 21:10,,Active,34100,Junior,5.9,2.7,2.5,89,76,1.8,41.3,19,31,3,5,3,No,2.4,No
EMP11213,38,Male,IT,Data Analyst,Bengaluru,11/19/2020 13:28,,Active,94900,Senior,5.8,3.1,3.5,96,98,3.1,46.5,18,39,2,5,0,No,2.7,No
EMP11214,38,Male,Marketing,Digital Marketing Executive,Pune,7/8/2020 13:32,,Active,92800,Senior,6.1,4.8,3.7,100,91,3.5,43.4,19,27,2,6,7,No,3.8,No
EMP11215,25,Male,Operations,Operations Analyst,Delhi NCR,6/15/2025 1:03,,Active,36700,Junior,1.2,1,2.8,100,81,3.6,42.7,13,32,0,7,6,Yes,3.5,No
EMP11216,23,Male,Sales,Sales Executive,Delhi NCR,4/19/2021 22:47,,Active,41400,Junior,5.4,2.6,2.4,84,65,2.2,38.9,12,8,2,7,5,Yes,3.9,No
EMP11217,29,Female,IT,System Engineer,Bengaluru,12/18/2025 17:58,,Active,57300,Mid,0.7,0.5,4.4,100,98,2.3,35.8,13,26,0,7,6,Yes,4,No
EMP11218,29,Male,Operations,Operations Executive,Bengaluru,11/7/2023 19:46,,Active,56300,Mid,2.8,1.6,3.2,86,85,3,42.7,13,13,1,4,4,Yes,4.6,No
EMP11219,39,Female,Operations,Operations Executive,Delhi NCR,9/12/2024 21:38,,Active,76700,Senior,2,1,3.3,100,87,3.3,42.8,32,55,0,8,7,Yes,3.8,No
EMP11220,30,Male,Sales,Sales Manager,Pune,5/17/2022 20:26,,Active,57700,Mid,4.3,2.4,3.1,100,98,4.8,45.6,25,46,1,3,8,No,4.5,No
EMP11221,28,Male,Customer Support,Support Manager,Chennai,7/2/2020 22:38,,Active,47700,Mid,6.2,4.4,2.9,92,91,2.6,38.6,7,19,3,3,3,No,3.6,No
EMP11222,30,Male,IT,System Engineer,Bengaluru,5/10/2020 18:56,,Active,55500,Mid,6.3,3,4.5,100,92,3,39,3,25,3,5,5,No,3.8,No
EMP11223,42,Female,Finance,Accountant,Delhi NCR,3/24/2019 10:50,,Active,94100,Senior,7.4,4.8,2.8,85,98,4.8,43.8,8,26,3,3,6,Yes,3.8,No
EMP11224,34,Male,Customer Support,Support Executive,Chennai,10/11/2021 16:12,,Active,49500,Mid,4.9,2.5,3.6,100,98,4.4,43.5,19,58,2,9,4,Yes,3.7,No
EMP11225,33,Female,Finance,Financial Analyst,Mumbai,1/22/2019 23:04,,Active,58700,Mid,7.6,4.4,3.5,99,98,2.4,38.6,9,34,4,5,5,Yes,3.7,No
EMP11226,33,Male,Operations,Operations Analyst,Pune,12/19/2023 13:57,,Active,60500,Mid,2.7,1.4,2,79,80,4,40.7,5,22,1,6,6,No,5,No
EMP11227,43,Female,Sales,Sales Executive,Bengaluru,12/7/2023 15:05,,Active,88300,Senior,2.7,2.3,3.7,100,98,4.1,47.3,20,30,2,2,2,Yes,4.1,No
EMP11228,29,Male,Sales,Sales Executive,Chennai,6/16/2021 18:40,,Active,56600,Mid,5.2,4,2.3,93,89,3.6,41.6,10,6,3,10,11,Yes,3.1,No
EMP11229,43,Female,Customer Support,Support Manager,Pune,3/22/2024 0:22,,Active,92300,Senior,2.4,2,4,100,94,2.3,41.8,17,27,2,10,6,Yes,5,No
EMP11230,35,Male,Finance,Accountant,Chennai,2/26/2025 7:34,,Active,63200,Mid,1.5,0.9,2.6,97,80,2.9,44,14,13,1,3,5,No,3.2,No
EMP11231,33,Female,Customer Support,Support Manager,Hyderabad,7/11/2023 5:54,,Active,60000,Mid,3.1,1.8,3.9,100,74,2.8,43.5,21,3,1,6,5,No,3.5,No
EMP11232,52,Male,Sales,Sales Executive,Mumbai,7/9/2021 10:45,,Active,122000,Lead,5.1,3.2,3.2,100,84,3.9,46.1,20,56,2,4,3,Yes,2.8,No
EMP11233,27,Male,IT,System Engineer,Chennai,2/23/2023 8:02,,Active,44100,Junior,3.5,1.6,3,100,98,3,42.3,3,28,1,6,4,No,4.1,No
EMP11234,32,Male,IT,System Engineer,Mumbai,12/7/2024 12:23,,Active,50800,Mid,1.7,1.3,3.7,100,98,3.2,43.8,12,17,1,10,8,No,4.9,No
EMP11235,25,Female,Operations,Operations Analyst,Mumbai,1/13/2019 23:03,,Active,42800,Junior,7.6,4.6,2.4,95,80,2.9,44.4,5,4,3,6,6,Yes,2.3,No
EMP11236,41,Male,Sales,Sales Executive,Hyderabad,12/12/2020 5:03,,Active,92900,Senior,5.7,3.4,3.4,100,86,2,40.3,8,25,2,6,6,No,3.3,No
EMP11237,46,Female,Customer Support,Support Executive,Pune,5/10/2025 23:11,,Active,91400,Senior,1.3,0.9,4.1,100,98,5,44.1,45,26,0,2,8,Yes,4.4,No
EMP11238,46,Male,Finance,Accountant,Chennai,6/2/2023 6:31,,Active,89900,Senior,3.2,2.1,4.3,100,98,3.8,37.3,5,39,1,7,6,No,2.7,No
EMP11239,43,Male,Customer Support,Support Executive,Bengaluru,1/23/2023 1:12,,Active,76800,Senior,3.6,3.2,3.2,88,94,4.7,39.6,1,15,1,5,8,No,4,No
EMP11240,33,Male,IT,Software Engineer,Pune,12/21/2024 22:49,,Active,69700,Mid,1.7,1,3.3,100,75,2.4,37.7,8,21,0,4,5,No,2.5,No
EMP11241,31,Female,Customer Support,Support Executive,Hyderabad,6/10/2024 18:48,,Active,65900,Mid,2.2,1.6,2.4,88,97,4.8,42.4,12,15,2,6,2,Yes,3.8,No
EMP11242,22,Female,Marketing,Digital Marketing Executive,Bengaluru,7/14/2019 3:01,,Active,31300,Junior,7.1,4.2,2.9,78,96,3,41.3,23,25,3,13,1,No,3.6,No
EMP11243,48,Female,Marketing,Marketing Manager,Mumbai,6/16/2025 18:25,,Active,130300,Lead,1.2,1.1,2.3,92,94,3.9,44.9,20,3,0,9,6,No,5,No
EMP11244,37,Male,Marketing,Marketing Analyst,Mumbai,1/28/2023 9:07,,Active,61300,Mid,3.6,2.3,3.8,100,98,4.3,43.8,15,17,2,6,8,No,4.1,No
EMP11245,31,Female,Marketing,Digital Marketing Executive,Mumbai,12/4/2022 11:04,,Active,55900,Mid,3.7,2.7,4.1,100,96,4.8,40.8,14,37,1,12,7,No,1.8,No
EMP11246,43,Female,Operations,Operations Manager,Chennai,7/14/2023 4:18,,Active,98300,Senior,3.1,1.6,3.2,98,91,3.4,44.3,15,11,1,7,4,Yes,3.4,No
EMP11247,27,Male,IT,Data Analyst,Hyderabad,6/28/2022 13:42,,Active,35000,Junior,4.2,3.3,2.7,99,89,2.5,42.6,18,42,1,4,6,Yes,4.2,No
EMP11248,37,Female,IT,Data Analyst,Hyderabad,1/13/2019 1:50,,Active,69500,Mid,7.6,4.3,3.7,100,98,3.4,37.3,14,40,4,10,4,No,3.2,No
EMP11249,33,Female,Customer Support,Support Executive,Chennai,3/4/2025 12:33,,Active,63700,Mid,1.5,1,2.8,95,89,3.9,38.8,10,41,0,2,2,Yes,3.1,No
EMP11250,38,Female,Operations,Operations Executive,Mumbai,4/7/2019 5:48,,Active,96700,Senior,7.4,6.3,4,100,96,2.9,39.1,7,28,4,4,3,Yes,3.2,No
EMP11251,34,Female,Marketing,Digital Marketing Executive,Pune,9/3/2020 16:21,,Active,64100,Mid,6,5.3,5,100,98,3,41.3,10,27,2,10,3,No,3.9,No
EMP11252,24,Male,Finance,Finance Manager,Delhi NCR,8/4/2022 17:59,,Active,41700,Junior,4.1,2.6,2.8,99,76,2,41.1,17,32,1,8,7,Yes,2.5,No
EMP11253,35,Male,IT,Software Engineer,Pune,5/26/2023 19:09,,Active,61500,Mid,3.3,2.7,2.9,99,74,2.5,40.2,12,46,1,5,4,No,3.1,No
EMP11254,41,Female,IT,Software Engineer,Bengaluru,4/11/2025 2:13,,Active,84900,Senior,1.4,0.7,2.4,96,98,3.8,43.2,14,45,0,8,6,No,4.3,No
EMP11255,34,Male,Operations,Operations Analyst,Chennai,9/30/2021 7:10,,Active,60400,Mid,4.9,4.1,3.6,100,98,4.2,44.2,18,5,2,7,5,No,3.1,No
EMP11256,39,Female,Finance,Financial Analyst,Bengaluru,11/11/2022 8:59,,Active,96400,Senior,3.8,2.8,3.6,100,88,4.4,40.6,17,16,2,9,4,No,3.1,No
EMP11257,27,Female,IT,System Engineer,Mumbai,8/19/2019 2:15,,Active,43000,Junior,7,4.7,3.3,100,98,5,38.1,2,13,3,8,2,No,2.4,No
EMP11258,34,Female,Finance,Financial Analyst,Pune,4/9/2025 5:32,,Active,63500,Mid,1.4,1.2,3.5,100,98,4.7,46.4,26,38,1,5,6,No,4,No
EMP11259,30,Female,IT,Data Analyst,Mumbai,7/19/2023 13:22,,Active,45300,Mid,3.1,2.6,2.7,98,78,3.3,49.7,23,18,1,6,5,Yes,3.8,No
EMP11260,39,Male,HR,HR Analyst,Hyderabad,2/22/2024 21:40,,Active,88500,Senior,2.5,1.5,2.3,76,94,2.6,38.8,9,25,1,10,3,No,4.3,No
EMP11261,34,Male,Sales,Sales Executive,Delhi NCR,7/11/2024 9:13,,Active,57800,Mid,2.1,1.7,2.9,86,74,3.2,47.2,40,52,0,4,5,No,3.4,No
EMP11262,39,Male,Marketing,Marketing Analyst,Hyderabad,2/29/2020 16:18,,Active,82300,Senior,6.5,3.2,2.1,97,98,2.9,41.3,13,44,2,2,1,No,3.8,No
EMP11263,42,Male,Sales,Sales Manager,Bengaluru,2/21/2019 11:39,,Active,96300,Senior,7.5,6.2,2.8,100,97,3.5,43.1,11,47,3,9,4,No,3.7,No
EMP11264,39,Male,Finance,Finance Manager,Bengaluru,11/22/2021 5:04,,Active,75800,Senior,4.8,3.6,3.7,95,82,4.2,38.1,4,18,3,11,6,Yes,2.4,No
EMP11265,36,Male,IT,BI Developer,Mumbai,8/1/2022 6:11,,Active,65900,Mid,4.1,2,3.5,97,98,3.8,37.5,5,,1,3,1,No,5,No
EMP11266,27,Female,IT,BI Developer,Delhi NCR,6/21/2019 13:38,,Active,47300,Junior,7.2,5.5,2.2,100,98,4.8,38.8,13,22,3,9,5,No,4.3,No
EMP11267,34,Female,Sales,Sales Executive,Bengaluru,4/21/2024 17:59,,Active,58500,Mid,2.4,1.7,4.3,98,98,3.8,40,11,8,1,8,5,No,3.6,No
EMP11268,30,Male,Finance,Finance Manager,Mumbai,12/19/2022 23:26,,Active,59500,Mid,3.7,2.7,3.4,99,83,2.3,43.7,34,3,1,4,7,No,3.3,No
EMP11269,32,Male,Operations,Operations Analyst,Mumbai,2/27/2024 0:00,,Active,66800,Mid,2.5,1.5,2.5,100,77,2.9,43,5,44,1,6,8,Yes,4.6,No
EMP11270,31,Female,Sales,Sales Manager,Bengaluru,1/19/2019 10:56,,Active,54700,Mid,7.6,4.3,3.2,88,86,3.8,39.8,15,16,4,4,3,Yes,3.6,No
EMP11271,27,Male,Operations,Operations Executive,Delhi NCR,7/5/2024 22:30,,Active,42600,Junior,2.2,1.7,3.1,93,98,3.6,38.8,3,17,1,4,4,No,4.2,No
EMP11272,21,Male,Customer Support,Support Manager,Chennai,3/7/2021 18:33,,Active,31600,Junior,5.5,3.1,2.8,85,96,4.6,46.3,9,23,2,8,8,Yes,3,No
EMP11273,29,Male,Marketing,Marketing Manager,Bengaluru,10/12/2022 18:13,,Active,51500,Mid,3.9,2.5,4.1,100,94,3.4,41.4,10,51,1,6,2,Yes,2.8,No
EMP11274,35,Female,IT,Data Analyst,Hyderabad,9/14/2021 1:11,,Active,62100,Mid,5,3.8,2.7,100,93,3.2,41.5,6,26,2,4,5,No,3.4,No
EMP11275,25,Male,Finance,Finance Manager,Hyderabad,12/5/2023 20:56,,Active,37800,Junior,2.7,1.3,3.6,100,84,2,42.6,6,41,2,4,9,No,3.5,No
EMP11276,34,Female,IT,Software Engineer,Mumbai,12/17/2025 5:59,,Active,48000,Mid,0.7,0.5,2.5,100,98,2.7,40.1,11,24,1,6,5,No,3.8,No
EMP11277,47,Male,Sales,Sales Executive,Hyderabad,10/30/2020 4:09,,Active,99900,Senior,5.8,4.1,3.5,100,93,3.7,41,8,6,2,9,3,No,4.7,No
EMP11278,41,Male,Customer Support,Support Executive,Mumbai,11/18/2021 21:43,,Active,87100,Senior,4.8,3.6,3.7,100,74,3.6,43.7,36,11,3,5,3,No,4.4,No
EMP11279,46,Male,IT,System Engineer,Delhi NCR,1/8/2022 16:59,,Active,93600,Senior,4.6,2.8,3.7,94,93,3.9,44.3,36,28,2,9,4,No,4.6,No
EMP11280,37,Male,Finance,Finance Manager,Bengaluru,4/9/2025 3:02,,Active,71200,Mid,1.4,0.9,3.6,100,98,3.8,44.7,21,30,0,5,3,No,2.9,No
EMP11281,42,Female,Operations,Operations Analyst,Hyderabad,4/3/2023 19:00,,Active,91700,Senior,3.4,2,3.3,96,96,3.3,44.4,22,36,2,9,4,No,3.3,No
EMP11282,29,Female,Operations,Operations Analyst,Hyderabad,2/24/2020 7:52,,Active,68900,Mid,6.5,5.3,2.7,98,83,2.5,34.7,3,36,2,6,9,No,4.3,No
EMP11283,29,Female,HR,HR Analyst,Bengaluru,4/22/2019 23:44,,Active,54000,Mid,7.4,3.8,2.7,100,84,3.4,45.6,25,41,3,5,7,Yes,4.5,No
EMP11284,21,Male,IT,System Engineer,Mumbai,8/29/2023 2:32,,Active,47900,Junior,3,2.6,3.7,94,81,3.4,39.3,1,17,1,5,5,No,4.1,No
EMP11285,42,Female,Sales,Sales Executive,Chennai,6/4/2025 8:34,,Active,84200,Senior,1.2,0.9,2.6,88,98,4.6,41.6,5,54,0,4,5,Yes,3,No
EMP11286,45,Female,Finance,Financial Analyst,Delhi NCR,7/15/2020 19:31,,Active,86000,Senior,6.1,5.2,2.4,84,98,4.6,41.2,18,55,2,6,2,Yes,2.7,No
EMP11287,30,Female,IT,Data Analyst,Delhi NCR,4/5/2020 6:09,,Active,49800,Mid,6.4,4.1,4.6,100,98,3,40.5,5,21,2,8,8,Yes,3.7,No
EMP11288,32,Male,Sales,Account Manager,Chennai,7/13/2024 13:28,,Active,61900,Mid,2.1,1.3,3.3,100,85,2.8,44,6,17,0,7,3,No,2.8,No
EMP11289,29,Male,IT,BI Developer,Hyderabad,10/23/2021 15:53,,Active,64400,Mid,4.9,4.2,4,100,69,2.2,43.7,23,3,3,4,6,No,3.9,No
EMP11290,37,Male,IT,System Engineer,Delhi NCR,10/2/2019 10:27,,Active,65400,Mid,6.9,3.4,4.2,95,78,3.3,50,55,30,3,7,3,Yes,4.5,No
EMP11291,42,Female,Sales,Account Manager,Pune,11/12/2024 10:23,,Active,80000,Senior,1.8,0.9,3.5,100,98,3,41.5,13,34,0,8,2,Yes,3.7,No
EMP11292,22,Male,IT,Data Analyst,Pune,2/18/2025 14:02,,Active,40600,Junior,1.5,0.9,3.2,99,98,5,40.1,4,20,0,9,4,Yes,2.5,No
EMP11293,37,Male,HR,HR Analyst,Delhi NCR,8/4/2021 23:18,,Active,62900,Mid,5.1,4.5,3.2,100,70,2.4,43.3,26,32,3,7,4,Yes,3.1,No
EMP11294,32,Female,Operations,Operations Manager,Delhi NCR,5/3/2022 7:07,,Active,64300,Mid,4.3,3.2,4.7,100,97,3.5,37.8,8,9,1,6,9,Yes,4.2,No
EMP11295,35,Female,Marketing,Digital Marketing Executive,Mumbai,5/10/2020 1:13,,Active,54600,Mid,6.3,4.4,3.1,90,96,2.8,35.5,18,42,2,6,9,No,3.9,No
EMP11296,37,Female,IT,BI Developer,Chennai,3/1/2019 9:47,,Active,42500,Mid,7.5,5.8,3.6,100,90,3.4,40.8,22,21,4,5,10,No,3.9,No
EMP11297,33,Male,IT,Software Engineer,Hyderabad,9/18/2022 19:48,,Active,64900,Mid,4,2.6,4,100,89,3.1,43.8,10,32,1,5,9,Yes,4.9,No
EMP11298,33,Female,IT,Data Analyst,Bengaluru,7/13/2023 20:37,,Active,59000,Mid,3.1,2.5,3.7,100,88,4.1,47.4,31,31,1,5,10,No,3.8,No
EMP11299,33,Male,Operations,Operations Manager,Pune,4/19/2020 23:07,,Active,62000,Mid,6.4,4,4.3,100,92,3.8,35.4,3,3,2,5,3,No,3.8,No
EMP11300,41,Male,Operations,Operations Manager,Delhi NCR,6/10/2022 21:57,,Active,89300,Senior,4.2,3.5,3.2,92,98,4.1,43.6,3,40,2,6,7,Yes,,No
EMP11301,37,Male,IT,Data Analyst,Bengaluru,10/18/2024 4:01,,Active,61600,Mid,1.9,1.1,4,100,94,2.7,38.9,3,17,0,4,7,Yes,2.6,No
EMP11302,36,Male,Customer Support,Support Manager,Delhi NCR,3/24/2019 7:31,,Active,65200,Mid,7.4,4.3,2.2,85,90,4.4,36.8,3,31,4,7,6,No,3.1,No
EMP11303,25,Male,IT,System Engineer,Mumbai,3/18/2025 6:59,,Active,25000,Junior,1.5,1,4.5,100,96,3,44,11,8,0,6,7,No,2.9,No
EMP11304,31,Female,HR,Recruiter,Pune,9/10/2023 20:37,,Active,68000,Mid,3,1.9,4.3,100,98,2.1,40.5,14,21,1,5,6,No,4,No
EMP11305,40,Male,Operations,Operations Executive,Bengaluru,11/29/2024 11:51,,Active,88700,Senior,1.8,1.3,3.3,98,98,3.2,48,12,33,0,5,4,Yes,2.8,No
EMP11306,34,Female,Customer Support,Support Analyst,Pune,1/13/2019 0:18,,Active,71400,Mid,7.6,4.7,3.8,96,88,3.5,39.3,8,13,3,10,4,Yes,4,No
EMP11307,39,Male,Operations,Operations Executive,Delhi NCR,3/7/2019 5:03,,Active,86800,Senior,7.5,4.2,4.2,99,81,2.3,43.8,36,14,3,5,5,Yes,3.3,No
EMP11308,46,Male,Marketing,Marketing Analyst,Bengaluru,11/30/2022 6:04,,Active,85200,Senior,3.8,2.5,2.7,97,79,4.2,39.1,12,30,1,7,3,No,3.2,No
EMP11309,41,Male,Sales,Sales Manager,Chennai,11/24/2025 18:28,,Active,89000,Senior,0.8,0.6,3.4,100,90,2.7,41.2,7,26,0,6,6,No,4.2,No
EMP11310,35,Male,Marketing,Digital Marketing Executive,Delhi NCR,8/27/2021 11:34,,Active,63500,Mid,5,2.6,2.5,100,92,2.6,44.5,20,33,2,8,4,No,2.4,No
EMP11311,30,Female,IT,Data Analyst,Mumbai,3/20/2025 5:42,,Active,58100,Mid,1.4,1,4.4,99,69,3.4,40.3,37,23,0,5,9,No,3.1,No
EMP11312,21,Male,Customer Support,Support Manager,Delhi NCR,9/11/2025 14:04,,Active,42000,Junior,1,0.6,4.1,100,98,4.2,42.5,7,37,0,6,5,No,5,No
EMP11313,33,Male,HR,HR Manager,Pune,12/29/2019 13:50,,Active,57300,Mid,6.7,4.2,3.3,100,95,2.3,39.2,2,20,3,3,5,Yes,5,No
EMP11314,32,Male,Marketing,Marketing Analyst,Mumbai,6/25/2019 15:37,,Active,60200,Mid,7.2,4.1,3.2,95,81,4.2,39.2,11,36,4,3,6,Yes,2,No
EMP11315,37,Male,Finance,Financial Analyst,Bengaluru,7/9/2022 19:48,,Active,75700,Mid,4.1,3.6,3.4,98,82,1.5,39.4,23,15,2,10,4,No,3.1,No
EMP11316,33,Female,Operations,Operations Executive,Bengaluru,7/20/2020 6:50,4/11/2026 6:50,Exited,62500,Mid,6.1,4.6,2.8,100,94,3.7,43.7,10,19,2,6,5,No,3.6,Yes
EMP11317,32,Male,HR,HR Manager,Mumbai,8/27/2025 9:59,,Active,63100,Mid,1,0.6,3.4,85,82,2.4,42.5,14,38,1,3,1,No,2.4,No
EMP11318,22,Female,Operations,Operations Manager,Pune,8/5/2025 11:53,,Active,27700,Junior,1.1,0.8,2.7,95,97,2.7,39.8,10,21,1,8,2,Yes,5,No
EMP11319,27,Female,IT,Data Analyst,Delhi NCR,9/4/2023 13:30,,Active,47500,Junior,3,2.5,4.2,100,94,5,43.2,10,12,1,5,5,No,3.5,No
EMP11320,37,Female,IT,BI Developer,Bengaluru,10/12/2020 20:13,,Active,67500,Mid,5.9,3.7,4.4,100,98,2.5,44.2,23,52,2,6,4,No,3.4,No
EMP11321,46,Female,Sales,Account Manager,Bengaluru,9/23/2023 6:44,,Active,85000,Senior,2.9,2.4,4.2,100,98,3.3,43.2,8,28,2,5,3,No,3.8,No
EMP11322,33,Male,IT,BI Developer,Mumbai,3/11/2024 13:15,,Active,67300,Mid,2.5,1.3,2.6,79,88,2.4,46.6,20,35,1,3,5,No,3.8,No
EMP11323,36,Female,Customer Support,Support Executive,Chennai,2/9/2025 12:30,,Active,62300,Mid,1.6,1.3,3.3,92,74,4.1,46.7,49,3,0,3,7,Yes,2.8,No
EMP11324,41,Female,IT,Data Analyst,Mumbai,8/8/2025 8:12,,Active,90300,Senior,1.1,0.8,3.9,100,93,3.8,46.2,11,47,0,7,5,No,4.6,No
EMP11325,28,Male,Customer Support,Support Analyst,Chennai,6/7/2020 11:54,,Active,69000,Mid,6.2,3.4,4.1,100,96,3.9,44.4,7,65,2,7,3,No,3.6,No
EMP11326,37,Male,Sales,Account Manager,Delhi NCR,11/8/2024 6:29,,Active,56400,Mid,1.8,1.1,2.1,97,92,4.4,43.6,13,45,0,9,8,No,4.5,No
EMP11327,29,Male,IT,BI Developer,Bengaluru,3/29/2020 8:08,,Active,54900,Mid,6.4,5.7,4.1,100,95,3.1,36.5,6,47,2,6,5,No,3,No
EMP11328,40,Female,Marketing,Marketing Manager,Chennai,6/27/2024 13:53,,Active,91500,Senior,2.2,1.8,2.6,79,84,4.4,44.5,34,22,1,6,3,No,2.1,No
EMP11329,35,Female,Operations,Operations Analyst,Delhi NCR,5/24/2023 1:47,,Active,63700,Mid,3.3,2.3,3.4,100,98,4.7,42.4,14,32,1,4,3,No,4.6,No
EMP11330,36,Male,Finance,Accountant,Hyderabad,12/4/2019 10:36,,Active,66800,Mid,6.7,3.4,4.4,100,98,3.7,41.3,6,35,3,4,9,Yes,4.1,No
EMP11331,29,Male,HR,Recruiter,Chennai,1/31/2025 18:53,,Active,58900,Mid,1.6,1,4.3,100,76,2.4,42.1,19,18,1,3,6,Yes,4.4,No
EMP11332,39,Male,Operations,Operations Executive,Bengaluru,10/21/2022 1:31,,Active,84100,Senior,3.9,2.2,4.5,100,89,2.3,43.7,17,26,2,7,4,No,4.5,No
EMP11333,49,Male,Sales,Sales Manager,Bengaluru,4/1/2019 1:50,,Active,142700,Lead,7.4,3.6,2.7,100,83,3.8,42.7,6,14,3,6,10,No,3.5,No
EMP11334,27,Female,Customer Support,Support Analyst,Hyderabad,11/19/2019 14:53,,Active,30400,Junior,6.8,4.7,2.9,79,93,2.4,39.7,31,22,4,8,4,No,3.2,No
EMP11335,32,Male,Customer Support,Support Executive,Mumbai,12/11/2023 9:09,,Active,60400,Mid,2.7,2.3,3.1,89,89,2.2,45.1,14,40,1,7,3,Yes,3.4,No
EMP11336,36,Male,Operations,Operations Analyst,Bengaluru,10/20/2022 23:00,,Active,65500,Mid,3.9,2.9,3.4,100,98,4.2,36.7,3,3,2,7,6,Yes,3.9,No
EMP11337,40,Female,IT,BI Developer,Bengaluru,4/13/2024 6:05,,Active,98100,Senior,2.4,1.3,3.7,100,97,3,40.2,10,41,1,4,2,No,3.7,No
EMP11338,30,Female,Operations,Operations Manager,Bengaluru,4/21/2022 8:51,,Active,56000,Mid,4.4,3.1,4.5,100,98,5,42.4,37,6,3,4,8,Yes,2,No
EMP11339,21,Male,IT,System Engineer,Pune,3/16/2022 6:13,,Active,25000,Junior,4.5,3.9,2.8,92,85,2.8,41.9,30,29,2,14,2,Yes,3.4,No
EMP11340,44,Female,IT,Software Engineer,Bengaluru,5/5/2021 17:02,,Active,85900,Senior,5.3,4.1,3,90,95,3,44.7,16,30,2,9,7,Yes,4.6,No
EMP11341,39,Male,Sales,Sales Manager,Delhi NCR,1/14/2022 10:49,,Active,96000,Senior,4.6,3.5,4.6,100,98,3.7,41.6,10,36,2,7,6,Yes,3.5,No
EMP11342,22,Male,Finance,Financial Analyst,Hyderabad,9/29/2021 4:05,,Active,42500,Junior,4.9,4.3,2.6,98,85,3.6,44.8,25,25,3,9,9,No,5,No
EMP11343,30,Male,Customer Support,Support Analyst,Delhi NCR,6/4/2021 5:24,,Active,64700,Mid,5.2,4.2,4,100,84,3.3,43.6,16,13,2,5,4,No,2.7,No
EMP11344,45,Male,Operations,Operations Analyst,Bengaluru,9/7/2021 13:43,,Active,95000,Senior,5,2.6,3.4,94,93,3.3,37.6,19,31,2,6,4,No,3.8,No
EMP11345,44,Male,Operations,Operations Executive,Pune,5/21/2020 4:51,,Active,99400,Senior,6.3,3.8,3.8,100,98,5,41.7,25,58,2,9,5,No,2.7,No
EMP11346,41,Female,Finance,Finance Manager,Bengaluru,9/20/2021 17:19,,Active,84600,Senior,4.9,4.3,2.9,91,86,4.9,45.7,31,28,3,9,4,No,2.8,No
EMP11347,33,Female,Sales,Account Manager,Pune,1/18/2020 14:14,,Active,51600,Mid,6.6,4.4,4,100,98,4.2,42.1,4,16,2,3,8,Yes,2.8,No
EMP11348,35,Female,Sales,Account Manager,Chennai,1/23/2022 21:46,,Active,62600,Mid,4.6,2.3,3,100,98,2.3,36.2,5,21,2,7,7,No,5,No
EMP11349,33,Male,Customer Support,Support Executive,Delhi NCR,9/10/2021 9:28,,Active,52700,Mid,5,3.3,2.4,94,98,3.3,43.1,4,30,3,8,3,No,3.3,No
EMP11350,42,Female,IT,Data Analyst,Delhi NCR,11/19/2024 4:30,,Active,81200,Senior,1.8,1.4,3.9,100,98,4,44,20,24,1,7,5,Yes,2.9,No
EMP11351,28,Male,Customer Support,Support Analyst,Delhi NCR,5/20/2019 0:44,,Active,68600,Mid,7.3,6.6,1.6,82,88,4.1,43.2,45,22,3,8,7,Yes,3.5,No
EMP11352,28,Male,HR,HR Manager,Mumbai,3/15/2024 18:52,,Active,61800,Mid,2.5,1.5,3.1,100,98,4.5,42,8,47,2,3,8,No,3.3,No
EMP11353,41,Male,Finance,Finance Manager,Chennai,7/28/2019 0:07,,Active,90200,Senior,7.1,4.8,3.7,91,96,2.8,41.2,14,35,4,8,3,Yes,4.1,No
EMP11354,34,Male,Operations,Operations Analyst,Chennai,1/20/2020 12:08,,Active,60300,Mid,6.6,5.6,4.1,100,81,3.4,43.4,17,26,2,7,4,No,1.9,No
EMP11355,44,Female,Finance,Finance Manager,Mumbai,9/16/2021 6:46,,Active,89300,Senior,5,3,4.4,100,82,2.7,39.2,30,26,2,9,9,No,2.7,No
EMP11356,29,Male,Customer Support,Support Executive,Hyderabad,5/21/2024 16:00,,Active,68500,Mid,2.3,1.1,4.8,100,98,4.6,40.5,11,30,2,4,3,No,4.2,No
EMP11357,34,Male,Customer Support,Support Manager,Chennai,3/16/2019 13:33,,Active,49400,Mid,7.5,6.6,4.6,100,98,4,44.3,11,36,3,7,6,No,3.1,No
EMP11358,28,Female,Finance,Accountant,Chennai,12/31/2020 17:28,,Active,49100,Mid,5.7,3.8,3.6,100,98,2.9,42.6,10,46,2,8,5,No,2.9,No
EMP11359,34,Male,Sales,Sales Executive,Delhi NCR,8/13/2019 7:25,,Active,53400,Mid,7,4.7,4.3,100,98,3.6,45.9,31,22,3,9,4,No,2.9,No
EMP11360,24,Male,HR,HR Analyst,Delhi NCR,6/18/2019 15:00,,Active,40000,Junior,7.2,5.3,3.6,100,79,3.4,40.3,7,14,4,7,7,Yes,4.1,No
EMP11361,31,Male,Customer Support,Support Analyst,Mumbai,7/8/2019 8:38,,Active,72600,Mid,7.1,3.2,4,100,94,2.6,42.3,7,20,4,9,5,No,4,No
EMP11362,24,Female,IT,Data Analyst,Chennai,5/22/2019 6:49,,Active,,Junior,7.3,6.3,3.1,91,98,4.2,39.8,2,16,4,7,4,No,4.3,No
EMP11363,39,Female,Operations,Operations Manager,Bengaluru,5/30/2023 20:59,,Active,94100,Senior,3.3,2,3.8,98,80,3.5,38.6,7,7,1,9,4,No,2.6,No
EMP11364,39,Male,Operations,Operations Manager,Delhi NCR,8/3/2025 23:35,,Active,89400,Senior,1.1,0.7,3.1,100,88,2.9,39.7,3,48,0,8,5,Yes,2.5,No
EMP11365,22,Male,Operations,Operations Analyst,Mumbai,4/22/2019 22:43,,Active,28700,Junior,7.4,3.9,3.4,100,98,2.6,45.1,12,40,3,8,7,No,4.4,No
EMP11366,43,Male,IT,BI Developer,Mumbai,4/3/2023 9:37,,Active,93600,Senior,3.4,2.1,3.8,100,98,4.2,44,9,3,1,6,2,No,3.7,No
EMP11367,51,Female,Operations,Operations Analyst,Mumbai,4/26/2024 9:14,,Active,139200,Lead,2.3,1.9,5,100,92,3.6,37.8,2,31,2,5,6,No,3,No
EMP11368,34,Male,Customer Support,Support Analyst,Chennai,11/11/2021 19:45,,Active,58300,Mid,4.8,3.9,3.8,100,98,2.8,42.3,27,23,2,4,7,No,3.4,No
EMP11369,30,Male,IT,System Engineer,Bengaluru,9/10/2019 21:17,,Active,56100,Mid,7,6.1,3.5,94,91,3,39.7,16,21,3,5,5,Yes,2.5,No
EMP11370,54,Male,Sales,Sales Executive,Delhi NCR,4/12/2019 2:09,,Active,123400,Lead,7.4,4.7,2.9,84,75,3.4,41.8,11,3,3,9,0,No,3.1,No
EMP11371,25,Male,Customer Support,Support Analyst,Bengaluru,4/9/2020 10:05,,Active,42200,Junior,6.4,4.9,4.2,100,98,3.5,43.9,11,28,3,6,5,No,3.6,No
EMP11372,34,Male,IT,BI Developer,Bengaluru,2/4/2023 17:31,,Active,60800,Mid,3.6,2.4,3.2,100,98,3.6,47.3,18,29,1,4,0,Yes,3.8,No
EMP11373,35,Female,Customer Support,Support Analyst,Delhi NCR,6/12/2023 14:07,,Active,66400,Mid,3.2,2.6,3.8,99,88,1.8,37.2,6,12,1,10,3,Yes,3.4,No
EMP11374,43,Male,Finance,Finance Manager,Delhi NCR,9/2/2025 7:44,,Active,89800,Senior,1,0.8,4,100,98,3.5,42.3,1,51,0,3,10,Yes,3.3,No
EMP11375,37,Male,Sales,Sales Executive,Mumbai,12/1/2024 17:10,,Active,58300,Mid,1.7,1,4.4,99,85,2.3,42.4,19,39,0,5,4,Yes,4.1,No
EMP11376,31,Female,Customer Support,Support Manager,Mumbai,6/18/2020 20:21,,Active,61600,Mid,6.2,3.7,4.1,100,95,4.7,40.7,13,13,2,9,6,Yes,3.4,No
EMP11377,27,Female,Finance,Financial Analyst,Bengaluru,2/26/2021 7:32,,Active,34200,Junior,5.5,3.1,2.6,100,98,4.3,38.9,10,42,2,13,5,Yes,3.1,No
EMP11378,32,Male,Finance,Financial Analyst,Mumbai,2/23/2022 11:48,,Active,72200,Mid,4.5,3.2,2.2,86,75,4.4,46.3,15,21,2,4,6,No,2.9,No
EMP11379,27,Male,Sales,Account Manager,Chennai,1/1/2025 10:31,,Active,43800,Junior,1.7,1.5,4,100,77,1.2,38.2,18,43,0,6,3,Yes,2.1,No
EMP11380,34,Male,HR,Recruiter,Chennai,8/10/2019 18:38,,Active,52300,Mid,7.1,3.8,3.6,100,94,3.1,40.2,11,8,3,5,6,No,4,No
EMP11381,30,Female,IT,Software Engineer,Mumbai,11/22/2019 14:27,,Active,54800,Mid,6.8,3.4,3.8,100,98,3.3,41.9,8,30,4,7,5,No,4.7,No
EMP11382,24,Male,Sales,Account Manager,Delhi NCR,12/8/2024 15:09,,Active,42000,Junior,1.7,0.9,4.8,100,98,3.9,42.3,9,11,0,9,6,Yes,2.8,No
EMP11383,43,Female,Customer Support,Support Manager,Chennai,1/17/2019 9:59,,Active,91300,Senior,7.6,6.1,3,100,80,4.2,45.9,22,16,3,3,4,No,2.5,No
EMP11384,31,Female,Sales,Sales Manager,Bengaluru,2/26/2019 22:06,,Active,62100,Mid,7.5,4.6,4.5,100,93,4.6,40.3,20,3,3,6,6,No,3,No
EMP11385,25,Male,Operations,Operations Manager,Pune,2/13/2019 3:11,,Active,36700,Junior,7.5,4.1,3,100,78,1.3,42.9,11,11,3,5,2,Yes,3.7,No
EMP11386,33,Male,Sales,Sales Executive,Chennai,8/7/2024 18:43,,Active,63200,Mid,2.1,1.3,4.7,100,90,2.7,42.6,22,11,0,8,5,No,3.1,No
EMP11387,34,Male,Marketing,Marketing Manager,Bengaluru,2/20/2025 8:57,,Active,58800,Mid,1.5,1.1,4.1,100,98,3.5,41.1,8,9,0,3,2,No,3.1,No
EMP11388,22,Male,IT,BI Developer,Bengaluru,4/27/2024 21:24,,Active,41900,Junior,2.3,1.6,2.4,86,89,4.1,41,17,31,1,5,5,No,3.4,No
EMP11389,36,Male,Customer Support,Support Manager,Chennai,3/31/2025 19:02,,Active,65400,Mid,1.4,1.1,3.2,100,87,4.1,43.9,28,3,0,2,6,No,3.6,No
EMP11390,27,Female,Finance,Accountant,Delhi NCR,9/10/2019 14:37,,Active,49200,Junior,7,4.2,4.9,100,98,3.8,41.3,13,32,3,5,4,No,3.8,No
EMP11391,46,Female,Sales,Sales Manager,Bengaluru,3/9/2024 16:34,,Active,86400,Senior,2.5,1.6,4.8,100,87,2.8,40.4,10,42,1,10,4,Yes,3.3,No
EMP11392,38,Male,IT,Data Analyst,Mumbai,10/12/2023 18:18,,Active,89900,Senior,2.9,1.4,4,100,98,2.9,39.8,9,16,2,7,4,Yes,3.2,No
EMP11393,31,Female,IT,Software Engineer,Delhi NCR,2/7/2022 4:27,,Active,51500,Mid,4.6,2.2,3.8,100,97,2.8,42.3,11,27,2,6,7,No,2,No
EMP11394,29,Male,Finance,Financial Analyst,Hyderabad,12/30/2022 18:31,,Active,72800,Mid,3.7,2.4,3.7,100,74,2.5,39.4,22,23,1,6,10,Yes,4.2,No
EMP11395,33,Male,Sales,Sales Manager,Hyderabad,2/2/2024 22:31,,Active,46200,Mid,2.6,1.5,3.8,100,98,2.5,42.4,23,22,2,8,10,No,3.7,No
EMP11396,38,Male,Marketing,Digital Marketing Executive,Chennai,11/20/2024 11:43,,Active,101800,Senior,1.8,1.3,3.4,91,86,2.4,41.6,28,3,1,6,11,No,4.7,No
EMP11397,34,Female,Finance,Financial Analyst,Mumbai,12/26/2025 0:01,,Active,60700,Mid,0.7,0.3,4.4,100,98,3.7,41.3,13,12,1,5,5,Yes,3.9,No
EMP11398,32,Female,Sales,Sales Manager,Delhi NCR,8/10/2021 0:26,,Active,62900,Mid,5.1,2.6,3.9,100,87,3.5,44.2,36,48,2,10,5,Yes,3.4,No
EMP11399,34,Female,Operations,Operations Analyst,Delhi NCR,5/27/2025 12:39,,Active,58800,Mid,1.3,1.1,2.8,95,76,2.6,47.4,42,33,0,2,5,Yes,2.3,No
EMP11400,30,Male,Operations,Operations Analyst,Mumbai,3/1/2024 12:44,,Active,60200,Mid,2.5,1.8,4,100,91,1.9,42.6,8,25,1,7,3,No,2.2,No
EMP11401,32,Male,IT,Data Analyst,Bengaluru,2/9/2019 21:13,,Active,64100,Mid,7.6,5.9,3.6,98,98,3.1,42.2,12,3,4,6,6,No,4.3,No
EMP11402,21,Male,IT,BI Developer,Chennai,7/23/2020 14:55,9/1/2023 14:55,Exited,26500,Junior,6.1,5.1,3.3,99,94,4.7,41.2,6,36,2,6,6,No,3.9,Yes
EMP11403,41,Male,IT,System Engineer,Pune,8/26/2022 19:24,,Active,85400,Senior,4,2.6,4.9,100,98,3.4,41.1,13,15,2,5,8,Yes,4.7,No
EMP11404,36,Female,Operations,Operations Manager,Delhi NCR,8/2/2025 7:38,,Active,54100,Mid,1.1,0.9,3.6,98,92,4.1,41.4,15,11,0,6,8,No,4.2,No
EMP11405,29,Female,Operations,Operations Analyst,Hyderabad,6/3/2022 18:12,,Active,63100,Mid,4.2,2.9,2,80,97,3.6,36.9,10,12,2,4,5,No,3.2,No
EMP11406,47,Female,Finance,Accountant,Bengaluru,8/12/2019 22:03,,Active,90000,Senior,7.1,3.9,3.3,97,65,3.3,47.5,45,35,3,2,6,No,1.7,No
EMP11407,35,Male,Marketing,Digital Marketing Executive,Delhi NCR,2/9/2021 4:32,,Active,64300,Mid,5.6,3.4,4.2,100,95,2.1,41.2,4,27,2,4,6,Yes,4,No
EMP11408,27,Male,Marketing,Marketing Manager,Hyderabad,2/8/2019 13:49,,Active,39200,Junior,7.6,5.1,2.8,99,75,3,43.6,5,40,3,5,3,No,2.7,No
EMP11409,40,Male,HR,HR Manager,Delhi NCR,12/15/2020 6:56,,Active,97400,Senior,5.7,3.4,4.2,100,83,2.9,43.2,37,44,2,5,4,No,3.4,No
EMP11410,37,Male,Customer Support,Support Manager,Chennai,8/23/2022 5:04,,Active,54800,Mid,4,2.4,2.8,97,95,4.7,43.4,2,18,2,8,2,Yes,3.8,No
EMP11411,37,Male,IT,BI Developer,Hyderabad,5/22/2025 18:33,,Active,60400,Mid,1.3,0.8,4.5,97,96,3.6,42.6,25,27,0,4,4,No,3,No
EMP11412,31,Female,IT,BI Developer,Mumbai,8/7/2020 3:20,,Active,67800,Mid,6.1,3.1,3.1,94,83,4.5,39.6,8,24,2,3,4,No,2.8,No
EMP11413,37,Female,Sales,Account Manager,Pune,10/20/2022 5:08,,Active,66400,Mid,3.9,1.9,3.2,100,98,4.4,46.6,22,9,1,8,12,Yes,3.3,No
EMP11414,32,Male,IT,BI Developer,Bengaluru,8/9/2025 16:25,,Active,49600,Mid,1.1,0.5,3.2,94,98,2.6,41.3,3,11,0,6,7,No,1.9,No
EMP11415,38,Male,HR,HR Analyst,Mumbai,9/7/2023 21:28,,Active,82900,Senior,3,1.5,3.9,100,92,3.4,46.3,17,26,1,3,8,Yes,2.7,No
EMP11416,21,Male,Customer Support,Support Executive,Mumbai,9/19/2019 17:20,,Active,37400,Junior,6.9,4.2,4.9,100,93,4.9,41.8,11,27,3,4,4,No,2.7,No
EMP11417,31,Male,IT,Software Engineer,Delhi NCR,7/15/2025 3:53,,Active,58400,Mid,1.1,0.8,3.5,94,76,3.9,46.3,34,27,0,5,6,Yes,3.3,No
EMP11418,46,Female,IT,System Engineer,Pune,6/11/2019 16:45,,Active,89500,Senior,7.2,3.8,3.5,100,96,3.9,43.3,6,27,3,4,6,No,2.7,No
EMP11419,29,Male,Finance,Financial Analyst,Delhi NCR,1/27/2021 11:59,,Active,65600,Mid,5.6,4.8,3.1,100,85,4.2,41.2,15,17,2,8,6,Yes,3.1,No
EMP11420,30,Male,Customer Support,Support Analyst,Pune,8/29/2023 16:49,,Active,62000,Mid,3,2.4,2.3,98,98,3.8,41.5,5,58,2,7,3,Yes,3.1,No
EMP11421,31,Male,Sales,Account Manager,Delhi NCR,10/23/2024 19:08,,Active,62400,Mid,1.9,1.3,3.1,100,98,3.9,40.9,4,31,0,7,5,Yes,5,No
EMP11422,25,Female,Finance,Financial Analyst,Mumbai,5/5/2024 8:28,,Active,42700,Junior,2.3,1.8,2.6,99,91,3.7,45.3,26,20,1,5,6,No,4.1,No
EMP11423,21,Male,IT,BI Developer,Pune,7/24/2019 16:27,,Active,45500,Junior,7.1,4.4,2.1,89,87,3.1,39,13,34,4,6,4,Yes,3.4,No
EMP11424,32,Male,IT,System Engineer,Bengaluru,9/9/2025 9:22,,Active,38600,Mid,1,0.5,3.4,88,79,2.4,45,28,16,0,8,6,Yes,3.9,No
EMP11425,35,Male,Customer Support,Support Executive,Bengaluru,10/6/2022 21:28,,Active,57300,Mid,3.9,3.3,3.1,95,83,1.7,43.3,8,28,1,5,5,Yes,4.2,No
EMP11426,34,Female,Customer Support,Support Executive,Delhi NCR,9/22/2019 4:02,,Active,53800,Mid,6.9,3.5,4.5,100,89,3.1,40,14,34,4,4,9,No,3.7,No
EMP11427,33,Female,IT,Software Engineer,Mumbai,2/1/2022 2:15,,Active,63300,Mid,4.6,4,2.9,96,85,3.8,40.9,25,36,2,6,7,No,2.7,No
EMP11428,34,Male,Customer Support,Support Executive,Bengaluru,2/12/2021 23:21,,Active,56800,Mid,5.5,3.9,4,100,88,3.6,39.4,28,10,2,3,5,Yes,3.4,No
EMP11429,41,Female,Operations,Operations Executive,Hyderabad,10/26/2023 2:08,,Active,90500,Senior,2.8,1.6,4,100,98,4,46.2,8,70,1,7,6,No,,No
EMP11430,33,Female,Customer Support,Support Manager,Delhi NCR,4/29/2022 6:24,,Active,66000,Mid,4.3,2.9,4.5,100,96,3.3,41,23,45,1,7,4,No,3.2,No
EMP11431,30,Female,Finance,Finance Manager,Delhi NCR,11/3/2024 6:05,,Active,55800,Mid,1.8,1.2,3.4,95,98,5,46.3,22,56,0,6,5,No,3.4,No
EMP11432,32,Female,Finance,Finance Manager,Chennai,1/1/2024 17:40,,Active,62500,Mid,2.7,1.2,4.5,100,85,5,43.1,29,24,1,5,11,Yes,4.3,No
EMP11433,38,Female,Finance,Financial Analyst,Delhi NCR,2/22/2021 12:25,,Active,100900,Senior,5.5,3.4,3.9,99,98,2,44.1,11,31,2,3,4,Yes,2.9,No
EMP11434,44,Male,Operations,Operations Executive,Pune,10/13/2021 14:05,,Active,95800,Senior,4.9,3.8,4.4,100,84,4,43.6,17,29,3,3,7,No,2.8,No
EMP11435,30,Female,IT,BI Developer,Bengaluru,1/16/2025 17:39,,Active,48900,Mid,1.6,1.1,5,100,98,4.3,47.3,16,20,0,9,6,Yes,2.9,No
EMP11436,35,Male,IT,Software Engineer,Delhi NCR,6/14/2025 23:08,,Active,58000,Mid,1.2,0.7,3.4,100,97,1.5,44.7,9,39,0,5,4,Yes,3,No
EMP11437,36,Female,Sales,Account Manager,Pune,11/24/2022 11:51,,Active,62500,Mid,3.8,2.3,3.6,93,98,3.6,43.2,21,16,1,5,1,No,,No
EMP11438,27,Male,Operations,Operations Manager,Delhi NCR,10/28/2024 21:48,,Active,41900,Junior,1.8,1.5,3.2,98,98,3.9,43.6,23,38,0,7,8,Yes,3.8,No
EMP11439,34,Female,IT,System Engineer,Hyderabad,11/11/2022 9:01,,Active,58200,Mid,3.8,2.6,4.7,100,98,3.4,42.7,8,21,2,6,6,Yes,2.9,No
EMP11440,24,Female,Operations,Operations Manager,Mumbai,7/11/2024 0:53,,Active,33500,Junior,2.1,1.4,5,100,88,3.7,50.8,33,,1,5,4,No,3.6,No
EMP11441,22,Male,Customer Support,Support Analyst,Bengaluru,3/14/2024 5:29,,Active,38500,Junior,2.5,2.2,4.1,100,87,3.5,42.4,18,48,1,6,5,Yes,3.6,No
EMP11442,37,Female,IT,BI Developer,Delhi NCR,2/22/2021 2:02,,Active,52400,Mid,5.5,3.3,2.3,83,95,4,37.4,5,26,2,8,3,No,3.9,No
EMP11443,31,Male,Operations,Operations Executive,Mumbai,7/4/2025 6:26,,Active,67700,Mid,1.2,0.8,2.8,94,94,4.8,41.5,7,39,1,6,6,No,3.3,No
EMP11444,35,Female,Finance,Accountant,Pune,7/23/2024 15:33,,Active,73100,Mid,2.1,1.7,4.4,99,94,4.1,41.1,22,21,1,3,8,No,4.2,No
EMP11445,34,Male,Customer Support,Support Manager,Mumbai,4/28/2025 10:14,,Active,62800,Mid,1.3,1,2.6,95,94,4.5,43.4,23,11,0,8,6,No,3.8,No
EMP11446,27,Male,IT,Data Analyst,Chennai,7/31/2024 10:01,,Active,36400,Junior,2.1,1.2,3,100,85,2.4,46.9,32,51,0,7,4,No,3.8,No
EMP11447,34,Female,Operations,Operations Manager,Chennai,11/25/2022 3:19,,Active,66600,Mid,3.8,2,3,84,94,5,42.4,9,38,1,7,1,No,3.1,No
EMP11448,25,Male,Marketing,Marketing Analyst,Mumbai,6/14/2020 9:57,,Active,43400,Junior,6.2,4.7,3.4,100,98,3.7,39.8,10,26,2,6,5,Yes,3.7,No
EMP11449,44,Female,Customer Support,Support Analyst,Mumbai,4/12/2021 1:57,,Active,88100,Senior,5.4,3.1,3.7,94,82,3,45,44,38,2,11,4,No,3.8,No
EMP11450,25,Male,Operations,Operations Executive,Chennai,2/25/2024 0:09,,Active,37700,Junior,2.5,2.2,2.1,71,86,3.8,41.2,31,14,2,6,4,No,3,No
EMP11451,33,Male,Finance,Financial Analyst,Chennai,6/12/2025 0:06,,Active,55700,Mid,1.2,0.6,2.4,100,96,2.9,45.2,16,34,0,5,9,No,4.5,No
EMP11452,27,Male,Operations,Operations Executive,Delhi NCR,7/25/2024 1:21,,Active,39200,Junior,2.1,1.2,2.4,99,91,3.5,43.7,13,31,0,4,4,Yes,5,No
EMP11453,38,Male,Customer Support,Support Executive,Mumbai,4/1/2019 5:01,,Active,92100,Senior,7.4,3.5,2.5,95,76,3.7,42.4,41,37,4,5,2,No,3,No
EMP11454,32,Male,HR,HR Analyst,Delhi NCR,12/3/2024 20:42,,Active,54500,Mid,1.7,1.3,3.5,88,84,2.8,46.9,5,51,0,6,2,Yes,3.1,No
EMP11455,30,Male,IT,Software Engineer,Hyderabad,9/7/2019 20:33,,Active,52500,Mid,7,6,3.6,100,98,3.5,41,12,48,3,3,5,No,3.1,No
EMP11456,40,Male,Customer Support,Support Executive,Mumbai,12/20/2025 13:29,,Active,80700,Senior,0.7,0.5,4.3,100,87,2.8,42.9,17,9,0,4,5,No,2.5,No
EMP11457,34,Male,Operations,Operations Manager,Hyderabad,1/23/2021 8:34,,Active,62900,Mid,5.6,4.9,3.9,94,73,2.8,42,23,3,2,7,5,No,2.8,No
EMP11458,38,Female,Operations,Operations Manager,Bengaluru,12/4/2024 6:09,,Active,89900,Senior,1.7,0.9,3.1,88,98,2.5,42.1,8,31,1,8,4,No,4.2,No
EMP11459,27,Female,IT,Software Engineer,Bengaluru,2/1/2022 5:19,,Active,37400,Junior,4.6,2.3,3.7,100,98,3.1,41.9,13,30,2,7,6,No,3.4,No
EMP11460,24,Male,Operations,Operations Executive,Mumbai,2/22/2022 6:50,,Active,41300,Junior,4.5,3.7,4.3,98,96,2.9,38.3,14,12,2,10,7,No,5,No
EMP11461,35,Female,Sales,Sales Executive,Mumbai,3/29/2024 20:59,,Active,53700,Mid,2.4,2,3.3,95,74,3.8,49.8,55,15,1,6,7,No,3.3,No
EMP11462,32,Male,Operations,Operations Analyst,Mumbai,2/22/2020 17:58,,Active,52500,Mid,6.5,5.4,3.3,100,87,4.4,41.9,32,17,3,7,11,Yes,3.8,No
EMP11463,38,Female,IT,Data Analyst,Delhi NCR,8/10/2022 14:26,,Active,91700,Senior,4.1,3.3,2.8,81,71,4,48.8,52,47,1,8,3,Yes,2.8,No
EMP11464,33,Female,Operations,Operations Analyst,Mumbai,12/28/2021 22:56,,Active,47900,Mid,4.7,2.9,2.9,100,89,4.3,40.8,11,21,3,9,7,No,3.4,No
EMP11465,35,Female,Customer Support,Support Manager,Bengaluru,9/23/2023 22:22,,Active,58200,Mid,2.9,1.6,4,100,93,4.2,44.5,35,7,2,8,7,No,3.6,No
EMP11466,23,Male,IT,BI Developer,Mumbai,8/6/2019 15:08,,Active,55300,Junior,7.1,6.2,3.5,100,80,2.6,44.1,23,27,3,9,2,No,1.8,No
EMP11467,47,Female,Customer Support,Support Analyst,Chennai,1/2/2020 20:10,,Active,80600,Senior,6.7,3.9,5,100,98,3.1,42.2,15,28,3,7,3,No,2.8,No
EMP11468,33,Male,Finance,Financial Analyst,Mumbai,11/24/2020 9:49,,Active,57000,Mid,5.8,3.6,3,100,90,5,44.1,18,14,2,7,8,No,4,No
EMP11469,39,Female,Customer Support,Support Executive,Delhi NCR,8/25/2023 23:56,,Active,75100,Senior,3,2.3,4.1,100,98,2.9,39.2,8,36,1,4,4,No,4,No
EMP11470,28,Male,Marketing,Digital Marketing Executive,Delhi NCR,5/16/2023 15:15,,Active,58400,Mid,3.3,1.9,3.8,100,98,5,42.8,2,44,1,14,6,No,2.5,No
EMP11471,36,Female,HR,HR Analyst,Chennai,10/3/2024 19:58,,Active,73800,Mid,1.9,1.6,3.4,100,97,3,38.3,7,23,0,9,5,No,3.2,No
EMP11472,25,Female,Operations,Operations Analyst,Mumbai,10/19/2024 23:04,,Active,41300,Junior,1.9,0.9,3.2,98,73,1.6,39.7,16,7,0,4,7,Yes,1.6,No
EMP11473,37,Female,Customer Support,Support Executive,Hyderabad,9/1/2025 13:07,,Active,55700,Mid,1,0.8,4,100,87,3.2,43.4,16,24,1,3,4,No,3.5,No
EMP11474,32,Male,Finance,Financial Analyst,Hyderabad,6/7/2019 8:38,,Active,75300,Mid,7.2,5.2,3.9,100,93,4.2,46.7,33,32,3,7,5,Yes,4.5,No
EMP11475,34,Female,Sales,Sales Executive,Hyderabad,2/29/2020 2:21,,Active,47800,Mid,6.5,4.6,3.7,93,98,4.9,43.5,22,3,2,7,0,No,4.5,No
EMP11476,39,Male,Operations,Operations Executive,Bengaluru,1/12/2019 1:03,,Active,93200,Senior,7.6,5,3.8,93,87,2.1,47.1,27,35,4,5,4,Yes,4.5,No
EMP11477,25,Female,Marketing,Marketing Analyst,Hyderabad,1/30/2023 1:49,,Active,38500,Junior,3.6,2.1,3.5,94,98,4.1,38.8,7,23,1,7,3,Yes,3.9,No
EMP11478,29,Male,Marketing,Digital Marketing Executive,Bengaluru,5/29/2019 12:32,,Active,58300,Mid,7.3,4.8,2.3,99,94,4.2,38.1,8,29,3,10,6,Yes,4.4,No
EMP11479,37,Male,Marketing,Marketing Analyst,Hyderabad,3/9/2025 22:48,,Active,65600,Mid,1.5,1,3.6,100,98,4.6,42.8,6,24,0,9,8,No,3.3,No
EMP11480,49,Male,Finance,Finance Manager,Hyderabad,12/22/2019 5:21,,Active,116700,Lead,6.7,4.8,3.3,87,84,1,40.7,3,17,4,8,3,Yes,3.1,No
EMP11481,33,Male,Marketing,Marketing Manager,Bengaluru,3/11/2020 11:55,,Active,62200,Mid,6.5,3.7,5,100,98,4.9,43.4,11,26,2,5,3,No,4.4,No
EMP11482,38,Male,IT,BI Developer,Pune,8/7/2022 3:23,,Active,91300,Senior,4.1,2,4,100,98,3.8,38.7,10,21,1,10,4,Yes,3.7,No
EMP11483,33,Male,HR,HR Manager,Bengaluru,6/15/2020 23:53,,Active,53900,Mid,6.2,3.2,3.7,91,80,3.8,41.4,20,23,2,4,4,No,2.1,No
EMP11484,48,Male,IT,Software Engineer,Pune,10/23/2021 18:47,,Active,138600,Lead,4.9,3.7,3.8,84,98,4.3,49.2,39,16,2,8,3,Yes,4.5,No
EMP11485,22,Female,Sales,Account Manager,Delhi NCR,4/19/2022 10:03,,Active,36700,Junior,4.4,2,2.7,84,82,1.6,39.7,2,36,3,9,3,Yes,3.3,No
EMP11486,35,Female,Sales,Sales Executive,Bengaluru,3/31/2024 2:47,,Active,59000,Mid,2.4,2,3,100,98,4.3,44.8,10,45,1,7,4,Yes,3,No
EMP11487,23,Male,Sales,Sales Manager,Bengaluru,4/28/2020 22:55,,Active,30800,Junior,6.3,4.8,3.2,100,98,5,43.2,10,16,3,3,5,yes,4.3,No
EMP11488,21,Male,Operations,Operations Executive,Chennai,7/31/2023 17:41,,Active,36900,Junior,3.1,2.5,3.8,99,92,2.2,40.8,12,26,1,7,5,Yes,4.2,No
EMP11489,36,Male,Sales,Sales Executive,Bengaluru,6/16/2025 13:02,,Active,76300,Mid,1.2,1,3.2,100,97,3.3,45.3,14,13,0,4,8,Yes,2.7,No
EMP11490,35,Male,Finance,Financial Analyst,Bengaluru,3/11/2021 19:33,,Active,58200,Mid,5.5,2.8,3.1,100,98,3.4,41.8,8,33,2,3,6,Yes,3.4,No
EMP11491,32,Female,Sales,Account Manager,Mumbai,2/21/2022 16:04,,Active,63600,Mid,4.5,3.7,2.7,97,82,3.7,42.3,18,31,2,8,4,Yes,2.8,No
EMP11492,33,Female,Sales,Sales Manager,Hyderabad,4/20/2025 11:37,,Active,66700,Mid,1.4,0.9,3.5,100,88,3.8,40.4,5,20,0,5,5,No,2.8,No
EMP11493,56,Male,Sales,Sales Executive,Delhi NCR,8/7/2022 16:22,,Active,123700,Lead,4.1,3.5,3.6,100,91,2.8,41.7,5,27,1,7,8,Yes,1.1,No
EMP11494,32,Male,IT,System Engineer,Bengaluru,2/20/2022 4:18,,Active,57100,Mid,4.5,3.8,3.8,99,90,3.4,40.4,26,40,2,7,4,No,2.7,No
EMP11495,38,Male,Operations,Operations Manager,Mumbai,3/17/2024 1:37,,Active,93300,Senior,2.5,1.2,3,79,83,5,46.1,31,5,2,2,2,No,3.4,No
EMP11496,29,Female,Operations,Operations Manager,Bengaluru,3/29/2024 20:20,,Active,58300,Mid,2.4,1.5,3.8,100,86,3.8,41.9,6,10,2,3,6,No,1.2,No
EMP11497,36,Female,Operations,Operations Manager,Bengaluru,6/3/2022 16:51,,Active,57700,Mid,4.2,2.9,2.7,91,88,3.7,39.4,7,36,1,5,3,Yes,2.4,No
EMP11498,32,Male,Finance,Financial Analyst,Mumbai,10/28/2023 6:26,,Active,66600,Mid,2.8,2.1,3.3,100,84,2.8,38.1,10,29,1,7,5,No,4,No
EMP11499,31,Male,Sales,Sales Manager,Hyderabad,4/19/2021 0:18,,Active,59500,Mid,5.4,3.1,3.7,100,98,4.6,40.1,6,27,2,8,4,No,2.4,No
EMP11500,47,Female,Customer Support,Support Executive,Bengaluru,6/11/2022 10:35,,Active,98500,Senior,4.2,2.4,3.3,100,92,3.2,43.3,21,41,1,11,4,No,3.4,No
EMP10548,52,Female,Operations,Operations Analyst,Bengaluru,1/26/2022 13:44,,Active,132400,Lead,4.6,3.6,4.5,100,78,4.2,45.3,29,35,3,5,8,Yes,2.9,No
EMP10985,30,Male,Operations,Operations Analyst,Mumbai,3/20/2023 13:22,,Active,66400,Mid,3.4,2.1,3.8,100,89,3.5,43.1,26,33,1,10,5,No,4.7,No
EMP10713,21,Female,Finance,Finance Manager,Hyderabad,11/23/2025 12:26,,Active,34800,Junior,0.8,0.6,3.5,100,98,2.8,45.2,28,51,0,7,7,No,2.6,No
EMP10639,35,Male,Sales,Account Manager,Delhi NCR,5/6/2019 21:24,,Active,57300,Mid,7.3,6.1,3.5,98,97,4.6,43,18,20,3,11,7,No,3.7,No
EMP10472,39,Female,Customer Support,Support Manager,Bengaluru,12/12/2022 20:47,,Active,85300,Senior,3.7,1.8,3.6,100,89,3.2,36.4,8,6,1,2,8,Yes,2.6,No
EMP11150,26,Male,Customer Support,Support Manager,Bengaluru,2/2/2025 22:58,,Active,37900,Junior,1.6,1,4.7,100,98,4,44.1,20,11,0,7,5,No,3.3,No
EMP10393,38,Male,Sales,Account Manager,Pune,1/17/2020 19:59,,Active,90100,Senior,6.6,3.5,4.2,100,98,3.9,42.1,6,34,2,8,8,No,4.4,No
EMP11159,42,Male,Customer Support,Support Analyst,Mumbai,1/22/2020 14:09,,Active,86700,Senior,6.6,4.4,2.7,95,95,3.1,44.7,12,32,2,4,3,No,3.9,No
